"site","plot","year","shannon","pH","row_shannon","species_richness","hills_number"
14,488364,2014,2.53974824148234,"3.9",2.40318957865346,29,11.0583918000385
14,488369,2014,2.88601743855114,"mv",2.77269412377469,45,16.0016865134376
14,488373,2014,1.6409405464879,"mv",1.38740997946848,27,4.00446496352886
14,488374,2014,2.27405731090539,"mv",2.13494816859469,33,8.45660817761607
14,488383,2014,2.49608204666361,"mv",2.30846471564887,34,10.0589694156235
14,488384,2014,2.35353504665239,"4.",2.12004475644153,33,8.33151036809984
14,488393,2014,2.31381055995513,"mv",2.14379748332297,36,8.53177546386929
14,488399,2014,2.59871583481284,"mv",2.41035547095336,40,11.137919648373
14,488400,2014,2.60040290925565,"mv",2.42893150602008,40,11.3467516646723
32,489041,2014,2.503416720877,"4.1",2.21414219992028,49,9.15355382375744
32,489049,2014,2.19731240806037,"4.2",1.84448262756971,48,6.32482665282298
32,489050,2014,1.86617883375952,"mv",1.65422702368478,37,5.22903643830255
32,489057,2014,1.89344301571216,"mv",1.6835943581704,26,5.38487640254005
32,489063,2014,2.06877094777167,"mv",1.82796340822985,49,6.22120369565256
32,489064,2014,2.28299612074744,"mv",2.03813860025764,33,7.67630721588082
32,489065,2014,1.99337104479753,"mv",1.89224509104865,20,6.63424646115288
32,489069,2014,1.82794784616213,"mv",1.59375997825418,31,4.92222162436576
32,489077,2014,2.93514044462976,"5.1",2.69551825149669,85,14.8131937241517
32,489079,2014,2.32026026501876,"mv",1.85434560825892,62,6.38751694432959
50,489725,2014,1.75910391548306,"mv",1.43510984760177,29,4.20010635505885
50,489728,2014,1.31813911590976,"mv",1.16236953440865,17,3.19750089510121
50,489730,2014,1.71583211716641,"3.8",1.37690524927499,27,3.96261931295492
50,489731,2014,2.36235611570994,"mv",1.96127819956986,63,7.10840722384883
50,489735,2014,1.65294634050457,"3.7",1.33979428028558,26,3.8182579336336
50,489738,2014,2.22478042366296,"mv",1.97331569592876,33,7.19449173141931
50,489748,2014,2.16571774489154,"mv",2.04041918307788,29,7.69383364788379
50,489752,2014,2.2129095226314,"mv",1.95204047705458,39,7.04304409841273
50,489760,2014,1.49807579552734,"3.8",1.1568488819329,25,3.17989724040812
51,489769,2014,1.62996918503637,"mv",0.899564200899253,37,2.45853145186395
51,489776,2014,2.29818825795942,"5.5",2.06872445105247,38,7.914721062265
51,489779,2014,2.47602921868749,"mv",2.12909214381281,47,8.40723078927041
51,489783,2014,2.36742861159328,"4.7",2.07882662330237,46,7.99508216516875
51,489787,2014,2.06162391831765,"mv",1.53536329537682,43,4.64301200838765
51,489789,2014,1.81809333942716,"mv",1.48010473043958,40,4.39340578014373
51,489791,2014,2.16918109409904,"4.6",1.90413431497095,37,6.71359325411876
51,489795,2014,2.18118369271077,"mv",1.6135480077478,43,5.02059276669617
51,489796,2014,2.12809793729154,"mv",1.76948774211223,38,5.86784674058864
51,489797,2014,2.40997150340895,"mv",2.15914675690541,37,8.6637422256338
77,490854,2014,2.34344022867803,"5.",2.16466270257537,27,8.71166299974044
77,490855,2014,1.92505119180233,"mv",1.60669578101065,30,4.98630812392401
77,490866,2014,2.24257146739282,"mv",2.00954696552409,33,7.45993697302708
77,490869,2014,1.82163403145821,"mv",1.57204942457027,30,4.81650915788378
77,490870,2014,2.44595541569408,"mv",2.30488426881998,28,10.0230182095749
77,490874,2014,1.81353241254398,"mv",1.47065585686125,29,4.35208855238363
77,490878,2014,1.88163847238488,"mv",1.71221556775211,27,5.54122484652235
77,490882,2014,2.06648648183677,"mv",1.90702965715244,22,6.73305957108225
77,490886,2014,1.81531216477702,"3.5",1.55526550307495,27,4.73634387209938
77,490890,2014,2.07106921408995,"5.",1.84398782146302,24,6.32169786410711
78,490905,2014,2.27689219219608,"mv",1.93381563108083,34,6.91584828716875
78,490906,2014,2.02433523125737,"mv",1.61032129118691,41,5.00441884523367
78,490912,2014,2.06853476161654,"3.8",1.84639212798941,23,6.33691545007963
78,490920,2014,2.56747270542419,"mv",2.31199745601261,39,10.0945679861259
78,490921,2014,2.62907161961064,"mv",2.34262717331552,43,10.4085457276589
78,490925,2014,2.61085975599268,"mv",2.13519825831573,56,8.4587233528769
78,490928,2014,2.78610249427042,"mv",2.6632750175133,35,14.343186448755
78,490929,2014,2.23204704208743,"4.5",1.89466804358368,39,6.65034041500353
78,490931,2014,2.40406545029291,"mv",2.14317421714111,43,8.52645955353714
87,787543,2014,2.34684299136327,"mv",2.22419215237283,37,9.24601041846149
87,787544,2014,2.26956842180142,"mv",2.08549259436267,41,8.04855517827872
87,787545,2014,2.41386320990248,"mv",2.1345140699511,36,8.45293797215001
87,787546,2014,2.24758493466459,"mv",2.02311084726053,35,7.56181202456587
87,787549,2014,2.61911510851528,"mv",2.47710075824907,42,11.9066939437864
87,787550,2014,2.53396393866167,"mv",2.34411485344718,44,10.4240418381072
87,787551,2014,2.47007453752383,"mv",2.19836187337917,46,9.01024148708403
87,787552,2014,2.59026565001427,"4.6",2.29118030170817,48,9.88659996814109
87,788215,2014,2.46310432187559,"4.7",2.27758068395015,32,9.75305611853603
114,788478,2014,2.32606982743498,"mv",2.10767901097281,34,8.22911940653019
114,788479,2014,2.55166199785288,"mv",2.40824774379681,34,11.1144686754706
114,788480,2014,2.43686074890542,"4.2",2.31574991924896,30,10.1325186410675
114,788481,2014,2.62729261903339,"4.2",2.42910710293194,41,11.3487442941689
114,788482,2014,2.55120099727704,"4.2",2.42398659433021,27,11.290781477589
114,788483,2014,2.09520140545507,"mv",1.90382509395392,34,6.71151759092072
114,788484,2014,2.3568654523339,"mv",2.16191615557548,37,8.68776883610671
114,788485,2014,1.96110214150184,"mv",1.86053939618147,23,6.42720264516991
114,788486,2014,2.44211878063904,"mv",2.00412184704022,37,7.41957551291068
114,788487,2014,2.29712883967326,"mv",2.26871668682158,23,9.66698707850783
124,492740,2014,2.46978859733694,"mv",2.30372514702422,28,10.011407041388
124,492743,2014,2.35370078613801,"mv",2.26017317080158,33,9.58474882169476
124,492744,2014,2.40067807973569,"4.",2.28248837605022,36,9.8010387607105
124,492747,2014,2.72865488543114,"mv",2.66260929097952,30,14.3336409866433
124,492751,2014,2.57646226163409,"4.4",2.26433567515605,56,9.62472853053215
124,492755,2014,2.29044015475404,"mv",2.19538201132224,32,8.98343217421789
124,492759,2014,2.55613984312485,"mv",2.36937326911543,42,10.6906899984664
124,492764,2014,1.89059117629114,"mv",1.74142119840258,26,5.70544623453106
124,492772,2014,2.25644349377997,"3.9",2.0714717664857,29,7.93649519409783
124,492776,2014,2.4035614446035,"mv",2.31422725204451,33,10.1171019274751
165,494346,2014,1.28019078842485,"mv",1.05776968494902,12,2.87994064611897
165,494347,2014,2.09705079612576,"mv",1.97594008523621,18,7.2133976760201
165,494350,2014,1.61907644942551,"mv",1.4604009182022,17,4.30768621200437
165,494353,2014,1.90817410406833,"mv",1.74686434245491,19,5.73658647378771
165,494355,2014,1.66185688905668,"4.1",1.4448247416874,20,4.24110878811305
165,494357,2014,1.93066436396144,"mv",1.68506783461401,21,5.39281673958415
165,494366,2014,1.7533674749158,"3.6",1.64733666477988,15,5.19313034550844
165,494375,2014,2.42069745364573,"mv",2.3945509599268,23,10.9632740042528
166,494400,2014,2.45034650154563,"mv",2.21839238924394,40,9.1925409531443
166,494402,2014,2.63916492603123,"mv",2.50497283358754,37,12.2432263567461
166,494403,2014,1.87821275037226,"3.9",1.62784535386393,29,5.09288951346018
166,494408,2014,2.26307153999997,"mv",1.94391834566771,35,6.98607125255489
166,494411,2014,2.31370427951199,"5.",2.09256505526477,25,8.10568003865242
176,494744,2014,1.89163666516665,"4.3",1.52008749339458,33,4.57262525214619
176,494747,2014,2.18759611604131,"mv",1.84997548711788,33,6.35966362700629
176,494751,2014,1.76894883500429,"4.5",1.3670991866,23,3.92395151887487
176,494762,2014,1.66399986539788,"mv",1.23916305432799,32,3.45272251398233
176,494763,2014,2.37283635194126,"4.8",1.9684450159673,45,7.15953486567128
176,494770,2014,2.17561971519202,"mv",1.87977099305035,38,6.55200423586661
176,494773,2014,1.73681865640085,"mv",1.40180326821199,36,4.06251917730456
176,494774,2014,2.34943508833313,"mv",1.98555330558167,42,7.28307603743604
176,494777,2014,2.13401343922441,"mv",1.91844212662768,42,6.8103405525501
185,495087,2014,1.84370712844154,"mv",1.42189564048375,28,4.14497037121687
185,495092,2014,2.553817491576,"mv",2.26149512736816,42,9.59742782203598
185,495093,2014,2.08056205265679,"mv",1.73134081757119,32,5.64822206892919
185,495095,2014,1.94990212237243,"mv",1.416692650629,45,4.12346013971079
185,495102,2014,2.19714324219107,"4.4",1.95182990465414,28,7.04156118384646
185,495106,2014,2.46502742594219,"mv",2.15180629636624,45,8.60037920907851
185,495111,2014,2.06706969559743,"6.1",1.86407168526801,27,6.44994552649914
185,495113,2014,2.31431821095032,"mv",2.02686949971108,38,7.59028772947752
185,536109,2014,2.06460577356134,"4.4",1.73850033807731,29,5.68880573710159
185,536117,2014,2.07389402935261,"mv",1.73188952566119,29,5.65132214451306
195,495465,2014,1.63006284448602,"4.3",1.45349033145501,17,4.27802019560781
195,495472,2014,1.86648903209247,"mv",1.68429451835153,21,5.3886479987841
195,495476,2014,1.65353911691244,"mv",1.49629117587104,15,4.46509805936435
195,495477,2014,1.432051940298,"3.9",1.1239266700043,22,3.07691253340852
195,495494,2014,1.79858073462917,"mv",1.39933352222321,28,4.05249816663122
195,495497,2014,2.31505829239376,"3.7",2.07684727457494,30,7.97927276078316
195,495498,2014,1.67466928575895,"mv",1.46504177308939,18,4.32772401892722
195,495505,2014,2.0161452237688,"mv",1.65776124975317,31,5.24754973100576
195,495521,2014,1.85134604396176,"mv",1.55136689997476,30,4.7179146945626
195,495524,2014,1.95734568779716,"mv",1.65238741855317,22,5.21942591852828
1077,496501,2014,1.42753523506321,"mv",1.16716017041076,21,3.21285570830021
1077,496504,2014,2.26473276261892,"mv",2.20451796133348,18,9.06588040950393
1077,496505,2014,1.65906281924351,"4.",1.43615111729411,26,4.20448207626857
1077,496507,2014,2.28471932588404,"mv",2.00947702327525,29,7.45941522650521
1077,496508,2014,1.93151043971002,"5.3",1.71755499526993,21,5.57089094445975
1077,496509,2014,2.12040157656084,"mv",1.9570778635851,21,7.07861214367165
1077,496510,2014,2.07571518435092,"mv",1.59365583559373,32,4.92170903780199
1077,496511,2014,1.46053494944876,"mv",1.30306656808262,16,3.68056608605396
1077,496513,2014,1.64636766363558,"mv",1.4774412084301,20,4.38171941750273
1077,496517,2014,2.41916306557429,"mv",2.31359187961108,28,10.1106758414993
1078,575051,2014,2.60313524355972,"mv",2.4617645292608,37,11.7254832549947
1078,575096,2014,2.04656260539487,"mv",1.8382248854901,26,6.28537109902537
1078,575103,2014,2.6295400117806,"mv",2.49333971692682,43,12.1016247073896
1078,575105,2014,2.45902342856656,"mv",2.15920610665912,43,8.66425643185993
1078,575118,2014,2.63521519131312,"mv",2.51245043868907,36,12.3351195107891
1078,575124,2014,2.28880595378076,"mv",2.00963807875745,33,7.46061670297104
1078,575133,2014,2.31340391498989,"3.9",2.13874157452721,34,8.4887484472494
1078,575149,2014,1.87694829372905,"mv",1.58103115964237,23,4.85996462773638
1078,575156,2014,1.79145049577536,"4.3",1.20861747080833,35,3.34885156555002
1078,575173,2014,2.58129022389097,"mv",2.48307409069004,35,11.9780294281587
1079,534404,2014,1.4353969590851,"mv",1.02910474715661,22,2.79855929470699
1079,534406,2014,1.77825275779907,"mv",1.54315438146249,22,4.67932739911122
1079,534407,2014,1.54000039561489,"mv",0.980801390838188,29,2.66659236857229
1079,534411,2014,1.75866106245539,"mv",1.55196924264438,23,4.72075735193577
1079,534412,2014,2.52941109752818,"4.9",2.3686332878931,37,10.6827820148543
1079,534422,2014,2.23462275892439,"mv",2.15430079855083,24,8.62185965417385
1079,534424,2014,2.03411173963658,"3.9",1.7631879939245,35,5.83099697770297
1079,534427,2014,1.76698871603799,"3.9",1.61255427928705,17,5.01560613886143
1079,534433,2014,2.62840140089955,"mv",2.50426982068686,34,12.2346222354299
1080,533551,2014,2.10951881485287,"mv",1.8159669362602,31,6.14701707845101
1080,533556,2014,2.0614315908172,"mv",1.86139404937684,26,6.43269802243423
1080,533567,2014,1.89508142110476,"mv",1.62612090245812,25,5.08411464107408
1080,533568,2014,2.45678494052512,"mv",2.21106887114461,28,9.12546512839809
1080,533572,2014,2.19208380249775,"4.",1.84284625352384,32,6.31448533408405
1080,577429,2014,1.96569883048336,"3.5",1.63655677904014,27,5.13744964872814
1080,577492,2014,2.40864636893155,"mv",2.21928447213438,28,9.20074512050286
1080,577631,2014,2.00262066189657,"mv",1.72265750028492,25,5.59938908757049
1080,577638,2014,2.19619465328206,"mv",2.03837879206857,25,7.67815122346116
1080,577642,2014,2.28877690570628,"3.9",2.07438171122105,29,7.95962359136347
1081,577462,2014,1.9002352519505,"5.3",1.66536637330332,32,5.28761013411926
1081,577486,2014,1.92362563900357,"mv",1.86530717855366,25,6.45791931565716
1081,577680,2014,2.26695405512864,"mv",2.06240255210755,36,7.8648428242434
1081,577861,2014,2.13903864611009,"mv",1.98126856157281,29,7.25193668074526
1081,577862,2014,2.48559037273822,"4.6",2.23774363948522,43,9.37216043913865
1081,577863,2014,2.2532832964685,"mv",2.0867886695609,34,8.05899347397374
1081,577864,2014,2.23481809172146,"mv",2.14738225699629,21,8.56241483272911
1081,577909,2014,2.19602374943622,"mv",2.12896729277077,26,8.40618120326805
1081,577914,2014,2.49335511559026,"mv",2.33937882941388,28,10.374790046332
1081,577945,2014,2.33092966717619,"4.4",2.17375120563602,31,8.79119986360845
1082,534444,2014,1.45628527988199,"mv",0.935694226211051,28,2.54898241404338
1082,534449,2014,2.25525335381401,"mv",1.98045471554793,37,7.24603712189687
1082,534459,2014,2.73357922804963,"mv",2.42277184295201,38,11.2770743123127
1082,534461,2014,2.1173554570985,"mv",1.64431727474494,38,5.17747390783359
1082,534470,2014,2.28149975750872,"mv",2.09618199546192,25,8.13505088288324
1082,535415,2014,2.32999090500553,"4.2",2.0632516788923,38,7.87152390908593
1082,535416,2014,2.30757707022291,"3.9",1.73088938646336,46,5.64567286122249
1082,535417,2014,2.18564061881875,"4.",1.92811378410535,33,6.8765273859408
1082,535418,2014,2.14553338791323,"mv",1.85963912420319,35,6.42141901853889
1082,535420,2014,2.37770183399736,"mv",2.09203019903652,40,8.10134582439357
1083,496523,2014,1.92407162301932,"mv",1.69119070305917,29,5.42593754071001
1083,496528,2014,2.02706226364162,"mv",1.90207915685767,23,6.6998099267832
1083,496533,2014,1.81982568807788,"3.8",1.61069188221608,23,5.0062737816541
1083,496536,2014,1.98022879987786,"mv",1.79996242589015,22,6.04942015856497
1083,496542,2014,1.42464531591907,"mv",1.04197927640298,24,2.83482236226346
1083,496548,2014,1.68877945875073,"3.6",1.48269123937094,24,4.40478407211664
1083,496555,2014,1.41999600294734,"6.1",1.05032251967136,27,2.85857291540353
1083,496557,2014,2.54271401194948,"mv",2.21063702329325,34,9.12152516668297
1083,496565,2014,2.54062652301267,"mv",2.26352987314321,25,9.6169760288194
1083,496566,2014,1.75305905977122,"mv",1.41907959783735,32,4.13331437747392
1084,534481,2014,2.00641378721703,"mv",1.74112819862918,29,5.7037747849563
1084,534486,2014,1.49116828828347,"mv",1.14072019641346,19,3.12902106364378
1084,534489,2014,1.25642909459082,"3.3",1.0727396460639,13,2.9233775588716
1084,534491,2014,1.3463559682056,"mv",1.24151778707866,14,3.46086233255253
1084,535422,2014,2.26940253794774,"mv",2.16685155760152,28,8.73075245148314
1084,535425,2014,2.18456546440987,"3.9",1.96862876777232,31,7.16085056400324
1084,535426,2014,2.1886974026992,"3.9",1.93767098345786,26,6.94256278310977
1084,535427,2014,2.54252758009291,"mv",2.41432014474778,35,11.1821655187917
1084,535428,2014,1.79983848736017,"mv",1.51703420381591,25,4.55868499576634
1084,535429,2014,2.29597065729294,"mv",2.06147811396545,37,7.85757562311152
1085,558323,2014,2.0621472082093,"mv",1.78579812420012,38,5.96433833119927
1085,558331,2014,2.25475180221865,"mv",1.97052282286743,37,7.17442646219031
1085,558335,2014,2.59880855612053,"4.1",2.41944457347418,32,11.2396148006577
1085,558390,2014,1.99682845405544,"mv",1.66436715084241,30,5.28232927412503
1085,558414,2014,2.18414341045778,"mv",2.07366235419184,34,7.95389983914069
1085,558459,2014,2.73692493220206,"mv",2.66190142276389,45,14.3234982480593
1085,558462,2014,2.40919609217508,"4.3",2.12386084718385,29,8.36336490893741
1085,558464,2014,2.16636163597366,"mv",1.95172973827547,30,7.04085589148634
1085,558467,2014,2.53305049553887,"4.3",2.17249823611088,54,8.78019165600446
1085,558473,2014,2.35939334869347,"mv",2.09143830096589,31,8.09655207227686
1086,496571,2014,1.8275006979451,"3.9",1.58532443910263,19,4.88087466825571
1086,496572,2014,1.76376015215544,"mv",1.44818798507955,25,4.25539668258535
1086,496573,2014,2.2174844078832,"3.9",1.93425600221422,26,6.91889449779966
1086,496574,2014,1.82799107982238,"mv",1.60543349500578,23,4.98001794779906
1086,496575,2014,2.24162951644564,"4.",2.02465958071881,28,7.57353232932498
1086,496579,2014,2.26467670163422,"mv",2.10273348281907,30,8.18852253405655
1086,496595,2014,1.8205541088569,"mv",1.56516394295736,24,4.78345908604456
1086,496597,2014,2.18126772389786,"mv",2.03366646468627,28,7.64205437807912
1086,496599,2014,2.15408969867632,"mv",2.03898245326652,23,7.68278762469373
1086,496606,2014,2.1540181634255,"mv",2.09853665657725,17,8.15422874068556
1087,561860,2014,1.43074788347608,"mv",1.32755626852744,11,3.7718148135145
1087,561898,2014,1.62848767232477,"mv",1.36879122626092,20,3.93059662077489
1087,561943,2014,1.47448456357476,"mv",1.37573161785234,9,3.95797138642308
1087,561968,2014,1.94398444014334,"mv",1.76399315292217,22,5.83569374795464
1087,562000,2014,1.7148530624416,"mv",1.65499962831527,13,5.23307797712254
1087,562004,2014,2.02285473076796,"mv",1.71803820349187,19,5.5735834952466
1087,562008,2014,2.2005444393797,"mv",1.977510922153,43,7.22473765167953
1087,562020,2014,1.37455749137193,"3.2",1.17581501918186,20,3.24078316822141
1087,562044,2014,1.66868317589245,"3.2",1.54079595313569,15,4.66830454423865
1087,574217,2014,1.96836539443713,"3.6",1.88280834112378,17,6.57193520663466
1088,550768,2014,1.88771489889968,"mv",1.80402449779118,16,6.07404331486656
1088,550771,2014,2.37017248801489,"mv",2.15124056913052,32,8.59551511632699
1088,550780,2014,1.95206679293723,"3.6",1.72583842880484,29,5.6172287022406
1088,550782,2014,2.3273780052298,"mv",2.21147941133896,26,9.12921226774843
1088,550785,2014,1.85684725642475,"3.7",1.59556640273604,26,4.93112128187267
1088,550788,2014,2.49881336208797,"mv",2.35987915906872,43,10.5896717093214
1088,550789,2014,2.19010027413519,"mv",2.01855689074963,30,7.52745415296653
1088,550791,2014,0.809224560512915,"mv",0.223718076065834,21,1.25071836227823
1088,550797,2014,2.15573791550501,"mv",2.02425420533335,29,7.57046282792987
1088,550804,2014,2.12362713786931,"4.1",2.04166974049851,26,7.70346124732345
1089,496611,2014,2.07741001549432,"3.8",1.88553852718003,25,6.5899023281302
1089,496614,2014,2.15294271050005,"mv",1.93734147216209,24,6.94027550711347
1089,496619,2014,2.13352041279353,"mv",1.81768031059444,43,6.15755824765097
1089,496623,2014,2.05196398110168,"mv",1.89764905789926,24,6.67019475331458
1089,496625,2014,1.66261493852059,"4.2",1.29880541461525,26,3.66491599651158
1089,496628,2014,2.09312388819681,"mv",1.88022712368112,23,6.55499348738432
1089,496636,2014,2.44127781198287,"4.7",2.27622052571042,30,9.73979943653021
1089,496637,2014,2.54189822842521,"mv",2.37531592442595,33,10.7544102303219
1089,496640,2014,2.26877285181327,"mv",2.15196900205706,26,8.60177865356468
1089,496641,2014,1.68537501618484,"mv",1.35108593219604,24,3.86161670853018
1090,496653,2014,2.15543571269968,"mv",2.02413557381362,25,7.56956478568861
1090,496658,2014,2.340964797965,"4.1",2.11408020296115,41,8.28196453520835
1090,496659,2014,2.17219129910005,"4.1",1.95093658537893,34,7.03527363032787
1090,496663,2014,2.26888239528042,"mv",2.07358878093381,29,7.95331466634226
1090,496678,2014,2.53488683852134,"mv",2.33614238379481,39,10.3412668797523
1090,496680,2014,2.21410237328393,"mv",2.04984380055792,33,7.76668785924455
1090,496681,2014,2.30732921232845,"mv",1.82675360971035,43,6.21368184351227
1090,496686,2014,1.70250741432661,"mv",1.45905690676195,25,4.30190052134259
1090,496688,2014,1.39577966190477,"3.2",1.25396389064712,16,3.5042057524163
1090,496689,2014,1.63811789369078,"mv",1.46558082381747,22,4.33005751058921
1091,496698,2014,2.40171604326387,"mv",2.18626513205201,33,8.9019035158251
1091,496702,2014,2.6848841474811,"4.5",2.38044071802727,50,10.8096658288915
1091,496703,2014,2.12750264420779,"mv",1.90810983865856,28,6.74033642696561
1091,496705,2014,2.3034244465278,"mv",2.10760552716187,31,8.22851472169302
1091,496707,2014,2.14308039721381,"mv",2.03133454618372,25,7.62425449208524
1091,496708,2014,2.24910161933839,"mv",2.08313762112186,30,8.02962334693427
1091,496711,2014,2.54841999226183,"mv",2.33443819182405,38,10.3236583841584
1091,496715,2014,1.90112852257858,"4.5",1.73808425192835,22,5.68643919620684
1091,496718,2014,2.16562973887058,"mv",1.96485558652491,28,7.13388228703344
1091,496729,2014,2.10181211817946,"4.2",1.92937837983096,25,6.88522891387798
1092,558410,2014,1.84433876936278,"mv",1.51615090433552,26,4.55466008953877
1092,558421,2014,1.63537774056915,"mv",1.30984653885045,30,3.70560500217045
1092,558455,2014,1.9096394275741,"mv",1.67499676061992,24,5.33877785471455
1092,558458,2014,1.60486628783462,"mv",1.06707968570313,32,2.90687809497152
1092,558465,2014,1.80440671273207,"mv",1.54902780153032,26,4.7068919243377
1092,558468,2014,2.16193104026557,"4.9",1.87363840300286,37,6.51194643447899
1092,558472,2014,2.22332741996097,"mv",1.94257940752241,41,6.97672359463346
1092,558506,2014,2.04947711256739,"3.5",1.7229247244978,33,5.60088557985262
1092,558508,2014,1.57746040716501,"3.8",1.26090386039249,31,3.52860941671915
1092,558510,2014,2.25381561971137,"mv",1.9327162775772,27,6.90824950276408
1093,496746,2014,1.48121930271882,"mv",1.18849323091633,23,3.28213206458836
1093,496750,2014,2.33517613913254,"mv",2.23806226942824,23,9.37514716589041
1093,496756,2014,2.17177675267396,"mv",1.98435207326168,32,7.27433262359794
1093,496758,2014,2.40390400549595,"mv",2.13792410577775,33,8.48181199622397
1093,496760,2014,2.28892202910405,"4.6",1.95646320382668,35,7.07426254254083
1093,496761,2014,2.62577515267975,"mv",2.45344453378428,32,11.6283319967867
1093,496763,2014,1.93869278522707,"mv",1.66927487221971,33,5.3083171929966
1093,496764,2014,2.22403009944846,"3.9",1.81323186508484,42,6.13022752001026
1093,496767,2014,2.41115471318495,"mv",2.06082392277105,46,7.85243694735104
1093,496776,2014,1.81736176964298,"3.6",1.44696360607823,28,4.2501896525845
1174,536352,2014,1.52241318552789,"3.8",1.29733465508263,25,3.65952974828234
1174,536353,2014,1.77030902959382,"3.9",1.29043365352889,32,3.63436226809433
1174,536367,2014,1.44515113910516,"3.3",1.36608219841637,17,3.91996293506209
1174,700041,2014,1.50258366193674,"mv",1.22641269549111,24,3.4089785313288
1174,700077,2014,1.5442390618566,"mv",1.3189077117047,28,3.73933471421954
1174,700079,2014,1.24856899704675,"mv",1.06011893593984,20,2.88671430293005
1196,535311,2014,2.37729795359351,"mv",2.19477395811013,32,8.97797142980846
1196,535312,2014,2.51197948781552,"mv",2.33908295348592,29,10.3717208497727
1196,535314,2014,2.31469977059779,"mv",2.11175950018456,33,8.26276684180212
1196,535315,2014,2.44865621309814,"4.4",2.17656230587162,32,8.81594757546862
1196,535317,2014,2.43641564617493,"mv",2.26804114186334,29,9.66045879944687
1196,535320,2014,2.45193853217772,"mv",2.31829585463593,26,10.1583482451346
1196,535321,2014,2.53122718210136,"mv",2.33152778043198,34,10.2936559720483
1196,535323,2014,2.47842231116023,"mv",2.36218399031521,26,10.6141072646655
1196,535324,2014,2.72076527163149,"4.3",2.50846444069003,33,12.2860496103329
1196,535325,2014,2.11673877593401,"5.2",1.87830021999717,34,6.54237480767979
1197,559045,2014,2.09763773089601,"3.7",1.92131341629387,31,6.82992311315008
1197,559049,2014,1.97720919901474,"mv",1.44818798507955,41,4.25539668258535
1197,559050,2014,2.73831805388473,"4.9",2.56696919591746,46,13.0262844361484
1197,559052,2014,2.50712865047307,"mv",2.16684630908245,37,8.73070662808269
1197,559059,2014,2.20722286527482,"mv",1.8050417072067,41,6.08022503243439
1197,559060,2014,1.85202033099056,"mv",1.6727129531141,19,5.32659902612159
1197,559061,2014,1.9434986041446,"mv",1.66547920897244,26,5.28820679880868
1198,559065,2014,2.11714703585955,"4.2",1.42805576923257,34,4.17058272908155
1198,559067,2014,1.96472871374842,"mv",1.68181117048851,23,5.37528271348676
1198,559072,2014,2.55612509633078,"mv",2.34348579507253,32,10.4174865693307
1198,559074,2014,1.71853907410246,"mv",1.30067008595073,27,3.67175623573427
1198,559075,2014,1.68594031785793,"mv",1.31098144766892,23,3.70981291331127
1198,559077,2014,1.71565488966011,"mv",1.43093865284359,27,4.18262338123987
1198,559078,2014,1.52733890412053,"mv",1.14145045738041,20,3.13130690011832
1198,559079,2014,1.94229069528736,"4.1",1.5293734748434,32,4.61528432454892
1198,559080,2014,2.49985596687339,"mv",2.28033845059919,33,9.77998989288834
1198,559081,2014,1.57926390867506,"4.6",1.35464217559006,23,3.87537400508877
1199,536542,2014,1.59568078705052,"mv",1.29030697910118,30,3.63390191649194
1199,536546,2014,2.05699910037164,"mv",2.02926020347604,18,7.60845556723544
1199,536552,2014,2.0178148584431,"3.8",1.77991130218214,26,5.92933047659188
1199,536556,2014,1.79640018450021,"mv",1.64399605623818,22,5.17581107447686
1199,536561,2014,1.44823451270912,"4.",1.05032251967136,29,2.85857291540353
1199,536565,2014,1.75557912893032,"mv",1.58758589210335,24,4.89192502714456
1199,536569,2014,1.97254529226254,"mv",1.68919582065365,28,5.41512422261162
1199,536572,2014,1.86641255439891,"mv",1.57986256062385,25,4.85428859499145
1199,536576,2014,1.78179369024757,"mv",1.51543226834692,42,4.55138812269998
1199,536579,2014,1.7120489252959,"3.5",1.51025176220041,21,4.52787059749333
1200,536582,2014,2.6159235218762,"mv",2.51605986238323,35,12.3797226307767
1200,536583,2014,1.7684872788543,"3.7",1.33559594299142,25,3.8022612022856
1200,536584,2014,2.27147396818228,"mv",2.07740623317498,34,7.98373409064807
1200,536586,2014,1.84801983090882,"mv",1.4990476590927,33,4.4774230061987
1200,536588,2014,2.11271593737469,"4.8",1.87369331659028,30,6.51230403863733
1200,536590,2014,1.85778157885746,"mv",1.54483637023281,31,4.6872045980722
1200,536591,2014,2.1235730252363,"mv",1.75661426235547,38,5.79279128336606
1200,536594,2014,1.94315892086152,"mv",1.74361883197673,27,5.71799850232225
1200,536611,2014,2.17861499497321,"3.9",1.99121765583578,32,7.32444699020781
1200,536620,2014,2.37223587041301,"mv",2.12459345432191,41,8.36949421468031
1201,536628,2014,1.87881820892008,"3.9",1.68147329530352,29,5.37346684563119
1201,536630,2014,1.88928786229668,"mv",1.6299974761815,24,5.10386183729955
1201,536631,2014,1.69587928084891,"3.6",1.25786148979614,26,3.51789039307284
1201,536636,2014,2.1707157928329,"3.8",1.87706433591245,41,6.53429418516363
1201,536641,2014,2.2759716069208,"mv",2.1142036775883,35,8.28298721082735
1201,536647,2014,2.0510392332318,"mv",1.83713853943495,31,6.2785467184174
1201,536648,2014,2.030435148601,"mv",1.79187663670749,27,6.00070304606284
1201,536650,2014,1.6693796977396,"mv",1.24455411955849,34,3.47138663080984
1201,536651,2014,2.27977794475181,"mv",2.05485747706183,39,7.80572529845003
1201,536654,2014,2.05856005185761,"mv",1.85495174926853,29,6.39138985394521
1202,559334,2014,2.70579776419029,"mv",2.33702808501736,55,10.3504302098577
1202,559338,2014,1.91009398213639,"mv",1.5449133939905,39,4.68756563808754
1202,559342,2014,1.86695194491705,"3.9",1.62229929221949,32,5.06472221525562
1202,559346,2014,1.97595370593838,"3.5",1.84534753680219,23,6.33029942017121
1202,559363,2014,1.63802766333215,"mv",1.2551650416554,28,3.50841736157194
1202,559371,2014,2.13052267435497,"mv",1.74399683333386,33,5.72016032207585
1202,559375,2014,2.00136856540548,"mv",1.69279908352657,27,5.43467153457754
1202,559380,2014,1.49979674757821,"mv",1.00316592101781,31,2.72690133116502
1202,559384,2014,1.89646799857516,"3.8",1.56611113863279,29,4.78799210429317
1202,559857,2014,2.00705422221747,"mv",1.81393412129139,26,6.13453402229078
1203,573385,2014,2.44453047974412,"mv",2.25157553349719,39,9.5026958638988
1203,573386,2014,1.98209927988602,"mv",1.67732370495863,35,5.35121535869683
1203,573389,2014,2.5323430783805,"mv",2.36411144331842,37,10.6345851863653
1203,573398,2014,2.49846553820974,"mv",2.35799443848515,39,10.569731933433
1203,573408,2014,1.65641903315225,"mv",1.22230320583141,37,3.39499811516696
1203,573427,2014,2.23694352625373,"mv",1.91805526968177,31,6.80770643454958
1203,573440,2014,2.34233703169023,"4.2",2.14308735587101,40,8.52571896659543
1203,573443,2014,2.17784379572787,"mv",1.87954660519032,38,6.5505342105913
1203,573447,2014,2.1605628395571,"5.4",1.81040760996998,52,6.11293861920685
1203,573449,2014,2.39150274660739,"4.9",2.12845096874182,47,8.40184201023231
1204,577091,2014,1.96822051167416,"3.5",1.80676672293481,21,6.09072256784951
1204,577095,2014,1.71386199070204,"mv",1.52263089760885,17,4.58427008896886
1204,577099,2014,2.16058816515407,"mv",1.91642659348319,19,6.79662790922684
1204,577101,2014,1.8627527083357,"mv",1.69884227807694,19,5.46761374983158
1204,577103,2014,1.66445167470151,"mv",1.33309656058377,18,3.79276976383547
1204,577107,2014,2.15056602066934,"3.7",2.05258012794432,19,7.7879691629639
1204,577116,2014,1.12748993415158,"mv",0.800045853053124,14,2.22564297867853
1204,577120,2014,1.87094465522981,"mv",1.65743752762217,22,5.2458512579558
1204,577121,2014,1.4222360213141,"mv",1.23030639737551,15,3.42227795264843
1204,577127,2014,1.67980303554622,"3.5",1.48815579660931,15,4.42892015323844
1206,560811,2014,2.43115331426453,"4.6",2.10737713488302,47,8.22663560706001
1206,560819,2014,1.73873734706916,"mv",1.62520648896172,19,5.07946778292773
1206,560820,2014,1.52613142344914,"4.",1.26699351910664,20,3.55016300419077
1206,560821,2014,1.59086801410645,"mv",1.40363579640455,19,4.06997068369226
1206,560827,2014,1.77996759811643,"mv",1.53485757179268,27,4.64066452135339
1206,560839,2014,1.65769163517957,"mv",1.51201017509097,16,4.53583946774752
1206,560843,2014,2.11067546455966,"4.4",1.9823987945944,21,7.26013769270662
1206,560846,2014,1.9553878285851,"mv",1.70843062553859,32,5.52029127186218
1206,560850,2014,2.26586388305542,"mv",2.0804217469538,40,8.00784548665728
1207,558885,2014,1.57960087179228,"mv",1.37104983877647,21,3.93948434868465
1207,558887,2014,1.94529867921672,"mv",1.76834079699925,29,5.86112050049728
1207,558888,2014,1.5281077765653,"mv",1.29795513702212,21,3.66180112499945
1207,558898,2014,1.60035752469138,"3.8",1.38020555541317,17,3.97571877402269
1207,558903,2014,1.98596347921248,"mv",1.62377350274381,29,5.07219418832558
1207,558906,2014,1.55826453615979,"mv",0.936918120250469,34,2.55210400828715
1207,558907,2014,2.01836809924705,"mv",1.69966390643787,25,5.47210794238025
1207,558919,2014,2.14828261490946,"mv",1.87583460776064,30,6.52626371830947
1207,558951,2014,1.54331391596927,"5.",1.05035102394087,35,2.85865439809762
1207,558975,2014,1.65145081745513,"3.8",1.26489861398075,29,3.54273353424998
1250,551491,2014,1.97911994003949,"mv",1.67501478181367,26,5.33887406673155
1250,551493,2014,2.00435887550443,"mv",1.82669264475193,21,6.21330303820411
1250,551496,2014,2.11217831496226,"mv",1.80891831609671,30,6.10384143304689
1250,551500,2014,1.82269721541595,"4.7",1.14391848766871,35,3.13904460490702
1250,551507,2014,2.16355172348017,"mv",1.85340829183718,35,6.38153262484212
1250,551509,2014,1.84563188536865,"mv",1.41998389968198,39,4.13705383183285
1250,551517,2014,2.0082807219734,"mv",1.73285870305196,32,5.65680193317818
1250,551522,2014,1.88616409049155,"4.",1.53376666244221,30,4.63560473741924
1250,551523,2014,1.65999276430153,"mv",1.24496541871367,34,3.47281470286067
1250,551525,2014,2.32546615938988,"4.5",2.22689572450538,25,9.2710414959813
1255,551669,2014,1.51167411280638,"mv",1.38338651919865,18,3.98838552702464
1255,551670,2014,1.33870420944993,"mv",0.979971182083305,18,2.66437945895777
1255,551674,2014,1.9492877001509,"mv",1.83547695838087,21,6.26812306641242
1255,551677,2014,1.73475909398974,"mv",1.54349577738444,25,4.68092517512433
1255,551679,2014,1.60382099279223,"mv",1.33309656058377,22,3.79276976383547
1255,551682,2014,1.88104471986998,"mv",1.72337519873373,25,5.60340920287558
1255,551686,2014,1.18800180013785,"4.",0.964962923007428,22,2.62469033904626
1255,551697,2014,1.58074838421352,"mv",1.3874811761844,20,4.0047500784328
1255,559423,2014,2.41469641621554,"4.",2.27677372143954,32,9.7451889425694
1255,559424,2014,1.83036789330774,"4.4",1.58843796000662,26,4.89609505576689
1262,551892,2014,1.63696934254377,"mv",1.3523381331302,23,3.86645525736541
1262,551893,2014,2.06165092581102,"4.4",1.80205604355975,27,6.06209859877196
1262,551897,2014,1.81092648869198,"mv",1.37592932741641,26,3.9587539925823
1262,551900,2014,1.60529024446328,"mv",1.20643645666413,23,3.34155563207792
1262,563206,2014,1.72977984971918,"mv",0.808269958000182,28,2.24402237355389
1262,563207,2014,1.94444350084581,"3.9",1.59955046308007,36,4.95080635384269
1262,563208,2014,1.7649741643885,"mv",1.31440912687789,32,3.72255078009255
1262,563209,2014,2.06996615221746,"mv",1.88821060784699,31,6.60753462570789
1262,563211,2014,2.41928577204664,"mv",2.13685893671309,39,8.47278224243435
1262,563212,2014,1.39127026076098,"4.1",0.791310355257541,31,2.20628555082392
1264,551910,2014,2.01231438070421,"4.5",1.63515248330145,44,5.13024021335317
1264,551916,2014,1.82187339472879,"mv",1.53155487475833,23,4.62536309429891
1264,551918,2014,1.69468086201673,"5.",1.32751179114796,27,3.77164705680644
1264,551920,2014,2.41248511819618,"mv",2.21863271099842,27,9.1947503861911
1264,551927,2014,2.23239822300122,"mv",1.98440972350616,31,7.27475200274065
1264,551934,2014,2.21618504381869,"mv",1.97409518344429,30,7.20010193416197
1264,551935,2014,2.47334115461308,"mv",2.16274783723587,37,8.69499729959099
1264,551939,2014,1.98272436716011,"4.",1.70633522805785,31,5.50873617792339
1264,551943,2014,1.85587608443463,"mv",1.60336942358581,30,4.96974943619838
1264,551945,2014,1.97860894773769,"mv",1.71872624221637,31,5.57741965608778
1265,551953,2014,1.26758692097672,"mv",1.09417158780564,16,2.98670743341245
1265,551954,2014,1.56656339853052,"mv",1.39882770563568,16,4.05044886416692
1265,551957,2014,1.88432221202227,"mv",1.5327458209287,40,4.63087493426355
1265,551964,2014,1.81683058423607,"mv",1.42014926786773,32,4.13773802548974
1265,551967,2014,1.93841021595224,"3.8",1.74603870602613,21,5.73185209372536
1265,551968,2014,1.62632492181548,"mv",1.34055522022098,21,3.82116450430158
1265,551971,2014,1.01822635063024,"3.6",0.692626798924835,21,1.99895950747986
1265,551981,2014,1.24694763594209,"mv",0.981941600924019,12,2.66963457813516
1265,551985,2014,1.63368074948998,"mv",0.443757284260148,41,1.55855215457103
1265,551986,2014,1.58976890250186,"3.4",1.50026897965572,15,4.48289471566103
1266,559912,2014,2.78697865332216,"4.6",2.53296568224629,45,12.5907911073065
1266,559913,2014,2.23698231743903,"mv",1.99543375938088,35,7.3553928066725
1266,559916,2014,2.55847893523586,"4.9",2.41656762610617,39,11.2073254900341
1266,559929,2014,1.9223715977659,"mv",1.63209240357796,39,5.11456526482748
1266,559931,2014,2.33561136594361,"mv",2.08442154326607,33,8.03993937923313
1266,559933,2014,2.35265611388421,"mv",2.15131984862777,39,8.5961965914572
1266,559942,2014,1.69038586681512,"mv",1.2742653988758,36,3.57607345738921
1266,559949,2014,1.49503814425603,"3.5",0.912059926895513,33,2.48944533067096
1266,559951,2014,2.05199648253848,"mv",1.89795459517765,26,6.67223305783903
1266,559952,2014,1.79710567510555,"mv",1.5778283135842,23,4.84442380989424
1267,551987,2014,1.49143983916167,"4.1",1.09698186747309,20,2.99511272165867
1267,552009,2014,1.44757155980327,"mv",1.28739167823989,15,3.62332342633785
1267,552014,2014,1.11647351214911,"mv",0.968852346722293,12,2.63491875031351
1267,552018,2014,1.65573279651408,"mv",1.57035602298461,13,4.80835977567425
1267,559394,2014,1.64051060061125,"mv",1.53135903792261,13,4.62445736651683
1267,559397,2014,1.9882997681164,"mv",1.84125703028819,25,6.30445817707581
1267,559400,2014,2.03291714879786,"mv",1.94794024778101,20,7.01422512539888
1267,559404,2014,2.03229511178135,"4.",1.86830217129374,26,6.47728972976902
1267,559406,2014,1.89981282531695,"3.7",1.75529355526251,28,5.78514575269465
1268,552028,2014,2.36418723786179,"mv",2.26957390846219,32,9.67527738183711
1268,552032,2014,1.8822130396513,"mv",1.7406770912057,29,5.70120235007483
1268,552041,2014,2.27129162724322,"mv",2.00597467283789,48,7.43333543726377
1268,552050,2014,2.30472629291412,"5.1",1.78885389951361,44,5.98259188420743
1268,552051,2014,2.02950662147301,"mv",1.91195034157545,34,6.7662724805403
1268,552060,2014,2.44771950007055,"mv",2.3496245607119,30,10.4816337687973
1268,552062,2014,2.76257211768356,"5.3",2.26392311326017,49,9.62075855326924
1268,552063,2014,1.911978497512,"mv",1.63434265455395,28,5.1260872791565
1268,552065,2014,1.95356001525357,"mv",1.69115628241529,31,5.42575077966043
1268,559452,2014,2.03961546425955,"4.5",1.82713133137321,41,6.21602932907085
1269,560628,2014,1.67325311792653,"mv",1.25276081446245,24,3.4999924608929
1269,560629,2014,2.00572253542859,"mv",1.74660315976834,17,5.73508837236833
1269,827649,2014,1.90122194982147,"mv",1.57047059878252,29,4.80891072889454
1269,827650,2014,2.20285213526568,"mv",1.69039319220101,41,5.42161202165907
1269,827652,2014,1.95358980203175,"mv",1.61680171541552,25,5.03695491226196
1269,827653,2014,2.11811865054855,"5.6",1.65462907326513,33,5.23113919288566
1269,827654,2014,1.49434182671737,"mv",1.12307611461524,20,3.07429656154375
1269,827655,2014,2.03126201308944,"mv",1.39898642791231,32,4.05109181165571
1269,827656,2014,1.9486265529876,"3.8",1.64045836666373,28,5.15753301171825
1270,552109,2014,2.77520725433881,"5.3",2.70439599811274,43,14.9452869822773
1270,552114,2014,1.7917981322904,"mv",1.48955503640828,31,4.43512161223561
1270,552129,2014,2.56481169318937,"mv",2.42492513751534,44,11.3013833379734
1270,552134,2014,2.16663018133135,"mv",1.98464630515064,33,7.27647327913585
1270,552139,2014,2.38483025041958,"4.8",2.20615080703206,37,9.08069568557271
1270,552140,2014,2.40817220621939,"mv",2.12197893417014,36,8.34764058422326
1270,552142,2014,1.91534717036942,"5.1",1.69638159667184,30,5.45417623385027
1270,552143,2014,2.17599536275527,"mv",1.78009228020432,46,5.93040365220207
1270,552144,2014,2.56890973074778,"mv",2.38970583752683,40,10.9102840748073
1270,552146,2014,2.55740515149378,"mv",2.31621867678712,37,10.1372694489626
1271,552157,2014,1.61960433204705,"mv",1.11345704055823,30,3.04486644739083
1271,552167,2014,1.78650528291554,"mv",1.47293775868988,31,4.36203093066103
1271,552168,2014,1.95415969774445,"mv",1.50659508813164,39,4.51134388530794
1271,552170,2014,2.04988191188341,"mv",1.74838996047221,36,5.74534499284839
1271,552171,2014,2.19584336367283,"mv",1.72531331327605,63,5.61427978254978
1271,552173,2014,1.94333232889638,"mv",1.56261253631746,34,4.77127009292191
1271,552174,2014,1.77194221273412,"4.",1.51346274002317,37,4.54243285659988
1271,552176,2014,2.18961986585279,"mv",1.95836763216018,32,7.08774780534795
1271,552178,2014,2.31415444425557,"4.6",2.16067157610339,40,8.67696294314613
1271,552181,2014,1.83373542301133,"3.9",1.64018112582307,33,5.15610333112244
1272,552193,2014,1.84588202095608,"mv",1.40668480113317,33,4.08239898089242
1272,552206,2014,1.59156902354045,"4.1",1.14635232684601,35,3.1466938393731
1272,552207,2014,1.42266638410587,"mv",1.10249986045546,22,3.01168541458908
1272,552221,2014,1.80311749382769,"mv",1.64849591261667,21,5.19915396138492
1272,552223,2014,2.11905002653497,"mv",1.86360779409589,31,6.4469541475995
1272,559433,2014,2.04386811181617,"mv",1.80808785735248,32,6.09877454876575
1272,559435,2014,1.96580785354805,"mv",1.76443768894733,24,5.83828850074524
1272,559437,2014,1.19108145804519,"4.6",1.02694452923797,15,2.79252032186928
1272,559441,2014,2.3413673142355,"mv",2.11804311023626,31,8.31485031131962
1273,552235,2014,2.19144133290863,"4.3",2.07815314786532,28,7.98969948646769
1273,552243,2014,1.08871166895096,"mv",0.807936679294571,19,2.24327461329508
1273,552244,2014,1.90690566395476,"mv",1.59945727494758,26,4.95034501894003
1273,552246,2014,1.95369744075581,"mv",1.83054572933316,26,6.23728960179241
1273,552248,2014,1.38106002704332,"mv",0.775129274778622,27,2.17087274813838
1273,552252,2014,1.42901390731993,"mv",1.16587758818648,15,3.20873759815151
1273,552255,2014,1.80189048043053,"mv",1.67990944695619,19,5.3650701256948
1273,552256,2014,1.4043997014162,"4.4",0.99410916642609,29,2.70231595492305
1273,552265,2014,1.57054238005745,"4.2",1.26856240667331,25,3.55573718227366
1273,552266,2014,1.91517914955028,"mv",1.3374285912095,29,3.80923579854126
1274,552267,2014,2.24543164807088,"5.6",2.09652477468263,30,8.13783988726441
1274,552268,2014,2.5077265320863,"mv",1.72493478639771,44,5.61215502891315
1274,552269,2014,2.56906044704736,"mv",2.49988626830877,30,12.1811085038485
1274,552273,2014,1.84092970374246,"4.5",1.41739730824439,31,4.12636679127679
1274,552280,2014,2.88234108151448,"mv",2.85251384172628,32,17.3312952579205
1274,552284,2014,2.57619606841778,"6.",2.46697238743323,33,11.7867071932082
1274,552287,2014,2.45125670089831,"mv",2.35367374787039,29,10.5241619097477
1274,552290,2014,2.27287489328102,"mv",2.11263874473239,35,8.27003502928661
1274,552301,2014,2.06841781992827,"mv",1.90215703257858,26,6.70033169962762
1274,552306,2014,2.08918056359026,"mv",1.94417152961337,26,6.98784023756913
1275,552308,2014,2.01563827592394,"3.5",1.7253922120754,22,5.6147227599588
1275,552311,2014,1.81293777359247,"3.6",1.64808875054311,22,5.19703749397907
1275,552316,2014,1.90243386641246,"mv",1.6690720824363,34,5.3072408296442
1275,552319,2014,1.78152093595987,"mv",1.41701856223268,34,4.12480424223503
1275,552323,2014,1.96116218964088,"mv",1.78618173048237,26,5.96662672774615
1275,552336,2014,2.22434465362565,"mv",2.04022403255217,34,7.6923323386981
1275,552341,2014,2.28564198725656,"mv",2.10485727009285,35,8.20593169413817
1275,552344,2014,1.9358134666547,"mv",1.77432093315353,30,5.89627581111018
1275,552345,2014,2.09021349365571,"4.6",1.87487985618445,34,6.52003573130108
1275,560626,2014,0.97406772616721,"mv",0.693147180559945,22,2
1276,552348,2014,2.2043182760778,"mv",1.97892248763578,27,7.23494304306535
1276,552351,2014,2.03564267416337,"4.",1.67524301862568,32,5.34009273339526
1276,552362,2014,2.23897924613568,"mv",2.06636273082228,27,7.8960507611081
1276,552364,2014,2.08238678849347,"mv",1.8672996580603,27,6.47079941495493
1276,552366,2014,2.16165415967356,"4.1",2.02449250951101,22,7.57226711582467
1276,552374,2014,1.99452791056381,"mv",1.83073571201616,22,6.2384746913753
1276,552386,2014,1.63712544600659,"mv",1.41638826781792,22,4.12220522031969
1276,563199,2014,2.06941783402787,"mv",1.767557042265,28,5.85652861924636
1276,563200,2014,2.33120823296552,"5.6",2.23280162800004,25,9.32595737667676
1276,563201,2014,1.82708678386485,"mv",1.63115263899632,18,5.10976103531706
1277,552393,2014,2.12707075687761,"mv",1.87731259148839,33,6.53591656150359
1277,552402,2014,1.32048099049438,"mv",0.923908880965675,18,2.51911810254483
1277,552408,2014,1.99964175769536,"mv",1.5419585886801,29,4.67373523738062
1277,552409,2014,1.53307535987159,"3.6",1.22650524769436,27,3.40929405440364
1277,552413,2014,2.27125446919017,"mv",1.92739345788137,39,6.87157582651795
1277,552418,2014,1.50838645634979,"mv",0.901226250897327,29,2.46262105167704
1277,552423,2014,1.77487231084894,"mv",1.32380177263878,35,3.75768010126777
1277,552429,2014,1.64820661866763,"mv",1.36225193078267,21,3.90497714601933
1277,552437,2014,2.40403076371249,"4.5",2.16390196218418,37,8.7050382060157
1277,552438,2014,1.2890606814449,"3.5",1.08645925483889,17,2.96376154810075
1315,561373,2014,1.53806680977264,"mv",1.35411397742848,14,3.87332758017034
1315,561458,2014,2.14372474087967,"mv",2.03841225323477,16,7.67840814765378
1315,561501,2014,1.45613524431695,"mv",1.25276296849537,11,3.5
1315,561505,2014,1.23839013757462,"mv",0.864740096527637,19,2.37438889385715
1315,562389,2014,1.61728517335638,"3.5",1.49251877412458,15,4.44828564717183
1315,562417,2014,1.27444655042736,"mv",1.12128418807727,9,3.06879258078691
1315,562424,2014,1.96347897777677,"3.4",1.81398882902908,16,6.1348696379492
1315,562428,2014,1.84656457639339,"mv",1.59045714386309,17,4.90599115952739
1315,562436,2014,1.15914169029069,"3.4",0.900724362368738,10,2.46138540052645
1315,562451,2014,1.57873919437731,"mv",1.38380836504447,17,3.99006836581507
1350,499065,2014,1.93063848952597,"mv",1.72405977213698,24,5.607246461076
1350,499072,2014,1.86787182447911,"mv",1.6239223300566,21,5.07294912553279
1350,499078,2014,1.8178294718129,"4.",1.47267190941092,27,4.36087144201472
1350,499080,2014,1.59835020412752,"mv",1.30020356443669,27,3.67004368195865
1350,499081,2014,1.62340002454201,"3.5",1.27802195237988,23,3.58953243251912
1350,499088,2014,2.20450362354862,"mv",1.99467462914666,26,7.34981122445038
1350,499091,2014,1.47196867199432,"3.9",1.14059016339226,18,3.12861421403398
1350,499096,2014,2.29542486343508,"mv",2.09490575517307,38,8.12467522551895
1351,575150,2014,1.97614787285255,"mv",1.77105990860563,21,5.87707922822479
1351,575151,2014,1.30775885413357,"mv",0.935694226211051,18,2.54898241404338
1351,575154,2014,2.36696710918378,"mv",2.06052899082425,37,7.85012135432296
1351,575155,2014,1.79794757860721,"4.4",1.45321446133147,26,4.27684018042091
1351,575161,2014,1.51913078657576,"5.1",1.23229221499512,32,3.42908072480286
1351,575172,2014,1.4694792128711,"mv",1.25073980051061,15,3.49292607034029
1351,575199,2014,1.37033176714204,"mv",1.12489748747947,15,3.07990110430922
1351,575201,2014,1.43362676477861,"mv",1.20227880156223,16,3.32769143749706
1351,575207,2014,2.0130041904079,"4.9",1.71745663024212,32,5.57034299056726
1351,575211,2014,1.85258763683243,"mv",1.46823420950795,32,4.34156207950625
1390,531101,2014,1.38344854987745,"mv",1.20168201910498,16,3.32570612208365
1390,531103,2014,1.93971764799471,"3.7",1.72505086581383,29,5.61280652240379
1390,531107,2014,1.92076660738882,"3.7",1.70891022760597,22,5.52293944995377
1390,531108,2014,0.735134692664555,"mv",0.807936679294571,15,2.24327461329508
1390,531109,2014,2.23919449275957,"mv",2.05438585849799,28,7.8020448414492
1390,531110,2014,1.08636666815322,"mv",0.980801390838188,15,2.66659236857229
1390,531113,2014,2.13100906672931,"mv",1.95562090527809,23,7.06830641024182
1390,531117,2014,1.77222694032055,"3.5",1.68921829903371,19,5.41524594720003
1390,531118,2014,2.24057704948834,"mv",2.11035929808384,20,8.25120539438286
1390,532655,2014,1.59632225900695,"mv",1.12946482255584,21,3.09400021783297
1392,499580,2014,2.11018018013323,"mv",1.88736746973584,32,6.60196590937257
1392,499585,2014,2.20525702870873,"mv",2.04652020500052,35,7.74091737902895
1392,499591,2014,2.32689511348678,"4.4",2.1649762231313,32,8.71439471336906
1392,499592,2014,2.23681202558126,"mv",2.0553746517859,31,7.80976326635485
1392,499594,2014,2.01274753210395,"mv",1.86663149641526,26,6.46647731906326
1392,499595,2014,1.84666365902022,"mv",1.42215426626282,36,4.1460425060432
1392,499598,2014,1.57586862209641,"5.3",1.12464594376761,30,3.07912647198433
1392,499601,2014,1.56352506659396,"3.5",1.22387585111816,25,3.40034144343006
1392,499608,2014,1.3552028088106,"mv",0.983104766268996,22,2.67274161120649
1392,499613,2014,1.86194582081796,"mv",1.46374484805968,27,4.32211492339978
1393,531180,2014,1.74580363179778,"4.7",1.24918441005202,30,3.48749742938052
1393,531181,2014,2.45832952550934,"mv",2.29657884223548,30,9.94011750707046
1393,531198,2014,2.24717740266245,"mv",1.93383147251334,20,6.9159578449804
1393,531201,2014,2.02442832370105,"mv",1.76289275719277,22,5.82927570731622
1393,531202,2014,2.36797068374437,"mv",2.11332539734729,20,8.27571562053805
1393,531203,2014,2.29200829156234,"mv",2.10589181742379,21,8.21442551174081
1393,531204,2014,2.23347941522548,"4.1",1.99238573129172,22,7.33300749565016
1393,531206,2014,2.10768614616818,"mv",1.93344003320717,19,6.91325119701878
1393,531208,2014,2.20885366125222,"4.1",2.12351198113489,20,8.36044772374859
1394,536320,2014,1.60170103047617,"mv",1.43474350904375,16,4.19856797595422
1394,536321,2014,1.67608984739538,"mv",1.57618697305392,13,4.83647898261633
1394,537089,2014,2.23865395386411,"mv",2.15638573820082,22,8.63985446375094
1394,537099,2014,1.62293149123708,"mv",1.49595479120974,14,4.46359632146096
1394,537105,2014,1.7340864776624,"4.2",1.16018624397852,26,3.19052743730849
1394,537108,2014,1.46298576738254,"4.1",1.40074201136579,12,4.05821008794453
1394,537119,2014,1.71149369853399,"3.5",1.49037662074485,18,4.43876693594838
1395,576181,2014,1.58208312252695,"mv",1.35915201667753,23,3.89289079528727
1395,576188,2014,1.88028957207768,"mv",1.80236690931684,12,6.06398339058587
1395,576192,2014,1.97593321047272,"mv",1.83899081284153,17,6.29018708077463
1395,576194,2014,2.07372864707209,"4.9",2.00559576723416,16,7.43051943834475
1395,576199,2014,1.40224705912753,"3.6",1.28595771346704,15,3.61813143164227
1395,576211,2014,1.68522739731367,"3.4",1.4420386657112,19,4.22930918173854
1395,576216,2014,2.13843928210787,"mv",1.95849149750866,19,7.08862578607437
1395,576218,2014,1.64084843049944,"mv",1.42047656783025,17,4.13909252864271
1395,576222,2014,1.9368809260255,"mv",1.76938880940567,18,5.86726624734431
1395,576223,2014,1.91663353531178,"mv",1.72594403233463,24,5.61782193274226
1473,819744,2014,0.993806002352621,"3.4",0.612869452461949,15,1.8457200132751
1473,819745,2014,1.75571846062029,"mv",1.59278703957168,17,4.91743493349953
1473,819746,2014,1.56885929956013,"mv",1.30901579537113,15,3.70252787330729
1473,819747,2014,1.25150856534983,"mv",1.03569596355752,15,2.81706612890266
1473,819748,2014,1.57164329846169,"mv",1.40892420520393,20,4.09155136590797
1473,819749,2014,1.75905250359375,"mv",1.33542495801942,27,3.80161112833841
1473,819750,2014,1.82185989032365,"mv",1.3698574824662,21,3.93478987895877
1473,819751,2014,1.763730612666,"mv",1.53368642086223,15,4.6352327840942
1473,819755,2014,1.65766215908509,"3.4",1.40977305441647,22,4.09502595055358
1473,819756,2014,1.89208677244896,"3.8",1.50354007724086,23,4.49758271157696
1474,820162,2014,1.20015150463259,"3.7",0.612869452461949,17,1.8457200132751
1474,820163,2014,1.50533224675928,"mv",1.24504316690744,17,3.47308471842761
1474,820164,2014,1.84166744848696,"3.8",1.53908070973309,19,4.66030412895907
1474,820165,2014,1.01732205344108,"mv",0.348832095843032,19,1.41741118113173
1474,820166,2014,1.29052760021307,"mv",0.88992253237395,18,2.43494101488337
1474,820167,2014,1.8898032560649,"mv",1.71777701297263,15,5.57212791817915
1474,820168,2014,1.51684417016169,"3.5",1.24477892998412,18,3.47216712244389
1474,820169,2014,1.65822662520186,"mv",1.38407048987376,16,3.99111439889395
1474,820170,2014,1.54381959708824,"mv",1.15637455371477,24,3.17838928307789
1474,820171,2014,1.7178324699535,"mv",1.41944070937535,19,4.13480723451356
1475,812929,2014,1.96113463380574,"mv",1.70103913580832,29,5.47963852289179
1475,812930,2014,1.80440054825753,"mv",1.6343004100637,22,5.12587073478636
1475,812931,2014,1.78724500868569,"mv",1.46582016514106,23,4.33109399631702
1475,812932,2014,1.85561686782648,"mv",1.62074692162492,23,5.05686598888408
1475,812933,2014,1.8018393845327,"mv",1.38747706260978,26,4.0047336046284
1475,812934,2014,1.99542433692755,"mv",1.66661499384315,28,5.29421647628826
1475,812935,2014,1.80132825204564,"mv",1.5381204554036,21,4.65583119966105
1475,819752,2014,1.73690376482265,"4.6",1.35683102763049,32,3.88386591576476
1475,819753,2014,1.9831921119052,"4.",1.52544631635495,45,4.59719491477549
1475,819754,2014,1.96497194494266,"4.7",1.77477418426097,21,5.89894891039821
1508,788566,2014,2.31487034645035,"mv",2.21222272273618,21,9.13600063789859
1508,788677,2014,1.94821976728157,"mv",1.70923217461175,31,5.52471783002949
1508,788678,2014,2.17858540757466,"4.1",1.99671834419977,26,7.36484750398914
1508,788679,2014,1.98376780446093,"mv",1.8190918913481,18,6.1662562759032
1508,788680,2014,2.06464690786772,"mv",1.90711925993142,23,6.7336628989604
1508,788681,2014,2.19808881777314,"mv",1.94162862878302,29,6.97009342657991
1508,788682,2014,1.79123354698643,"mv",1.59617600278224,20,4.93412821005255
1508,788683,2014,1.91329868352783,"mv",1.72167108291692,24,5.59386847618543
1508,788684,2014,2.25667820533727,"4.6",2.17659927751198,20,8.81627352153714
1508,788685,2014,1.4984616920719,"4.8",1.14507267291782,22,3.14266973552002
1509,788567,2014,1.30808005514559,"mv",0.436162325385344,32,1.54675985276142
1509,788568,2014,2.19000806423559,"4.3",1.66901766255043,37,5.30695201806263
1509,788569,2014,1.88576664007385,"mv",1.73898725707503,18,5.69157639917858
1509,788570,2014,2.21114172963054,"mv",1.91763805536046,38,6.80486675434863
1509,788571,2014,2.13431902962637,"mv",1.93774646111074,26,6.94308681122957
1509,788572,2014,1.9869389857202,"mv",1.62145770498763,29,5.06046160279635
1509,788573,2014,1.97692382358377,"mv",1.69473995896611,29,5.44522979790354
1509,788574,2014,2.15129630949441,"3.9",2.03928356432007,28,7.68510134529551
1509,788575,2014,2.12571216620439,"mv",1.93459007107514,27,6.9212062711276
1509,788576,2014,2.35757676916225,"4.",2.02063626724315,34,7.54312284910178
1510,788577,2014,1.2351060066782,"mv",0.986463366143519,13,2.68173337225789
1510,788578,2014,2.01360772644923,"mv",1.91208553257987,23,6.76718728154818
1510,788579,2014,2.09876573488611,"mv",1.91731922397627,28,6.80269749509447
1510,788580,2014,1.92352483457467,"mv",1.80339148777159,25,6.07019960127183
1510,788581,2014,1.73370937355433,"4.1",1.48307205010499,26,4.4064617805969
1510,788582,2014,1.80081156082774,"3.8",1.66071934324249,20,5.2630954552169
1510,788583,2014,2.12854388759523,"mv",1.84160405817546,29,6.30664637953905
1510,788584,2014,1.83471984059813,"mv",1.89125500160623,24,6.62768121440036
1510,788585,2014,1.61415933099506,"3.9",1.38918895371447,21,4.01159514389115
1510,788586,2014,1.75097772379601,"mv",1.49526020371094,25,4.46049703974214
1539,500992,2014,2.08381327469689,"mv",1.82312160603828,25,6.19115466240568
1539,500996,2014,1.88296307654357,"mv",1.71479878986935,20,5.55555756543051
1539,501000,2014,1.68525805247799,"mv",1.5531410981243,20,4.72629263995335
1539,501004,2014,2.29957941595452,"4.9",2.22692854534877,28,9.27134578437575
1539,501012,2014,2.25029276122115,"mv",2.05222096729122,27,7.78517253312274
1539,501013,2014,1.47457290984631,"4.8",1.26351631735757,19,3.53783980871809
1539,501017,2014,0.663661739861767,"mv",0.436162325385344,16,1.54675985276142
1539,501021,2014,1.73426119326384,"mv",1.53583914508174,24,4.64522191003061
1539,501025,2014,2.24172325933055,"4.7",1.910171155983,46,6.75424472900228
1539,501029,2014,1.5056894299397,"mv",1.22650524769436,25,3.40929405440364
1540,537498,2014,1.85129437880433,"4.1",1.77393744797058,18,5.89401511020239
1540,537502,2014,1.959129266479,"mv",1.79567519004108,33,6.02354038358467
1540,537505,2014,2.11576327772278,"mv",1.97851315043501,31,7.23198211778214
1540,537506,2014,2.03862746190597,"mv",1.69516249181874,42,5.44753107253113
1540,537508,2014,1.87759730930427,"4.",1.58115324219585,32,4.86055798084624
1540,537510,2014,1.92682240321135,"mv",1.81032159300847,17,6.11241282541485
1540,537516,2014,2.46433480860529,"mv",2.31511542249724,41,10.1260916300775
1540,537526,2014,2.21800860842314,"mv",2.06614411281598,34,7.89432473091054
1540,537527,2014,1.97653625975169,"4.1",1.83526943356621,25,6.26682241029869
1540,537531,2014,1.9599123275158,"mv",1.70556514685878,28,5.50449563675226
1541,501033,2014,1.11725247195194,"mv",1.02744460574285,9,2.79391714490172
1541,501034,2014,1.43067202229832,"3.6",1.26349382582628,15,3.53776023817817
1541,501036,2014,1.72562461821726,"mv",1.54473939200676,18,4.68675006332547
1541,501042,2014,0.388364152190717,"mv",1.04579028762634,10,2.84564651448444
1541,501043,2014,1.35254120613897,"4.2",1.16239337053976,22,3.19757711206013
1541,501045,2014,1.1702254950625,"mv",0.934435963148451,15,2.54577714058606
1541,501057,2014,1.09848066242119,"4.2",0.777661295762166,25,2.17637640824031
1541,501059,2014,0.652468768509978,"mv",0,15,1
1541,501061,2014,1.32536408667489,"mv",1.01266311038503,19,2.75292259835833
1541,501065,2014,1.31338736432059,"mv",1.09977860498295,22,3.00350099017865
1543,501073,2014,1.36956001145245,"mv",1.21044371043776,19,3.35497295885633
1543,501077,2014,1.77639575655399,"mv",1.5480423483773,21,4.70225578757294
1543,501081,2014,2.35206349676402,"4.7",2.2817839890506,27,9.79413746730076
1543,501085,2014,2.23322542963036,"5.1",1.99951005243815,27,7.38543673563214
1543,501097,2014,1.73747040681947,"mv",1.46031969012835,30,4.30733632116132
1543,501101,2014,1.96901441341724,"mv",1.73994519440457,32,5.69703118492964
1543,501109,2014,1.4032337229618,"mv",1.22913696482833,22,3.41827816861973
1543,501113,2014,1.92040634936029,"mv",1.72953946356276,26,5.63805677985569
1543,501121,2014,1.68592044234596,"mv",1.63488346411809,12,5.12886026594499
1543,501125,2014,1.67023785905292,"3.6",1.60775001993227,12,4.99156765593796
1546,537538,2014,2.39957428626487,"3.9",2.21147716764846,33,9.12919178464462
1546,537539,2014,2.38921118270841,"mv",2.21183748518287,30,9.13248178520646
1546,537546,2014,1.92669573267192,"mv",1.76592194729573,20,5.84696046331721
1546,537555,2014,1.98900462966206,"mv",1.89026266465834,22,6.62110758362021
1546,537557,2014,2.42315154783916,"mv",2.26108938522469,28,9.59353453098925
1546,537563,2014,2.10172296664887,"3.9",1.88864502298187,25,6.61040566231922
1546,537564,2014,2.12657835849577,"3.8",1.94872802637175,24,7.01975295885181
1546,537570,2014,2.24017247558679,"mv",2.02634476138537,35,7.58630585941395
1589,554243,2014,1.99587935844116,"4.1",1.82181341122333,25,6.18306072135791
1589,554245,2014,1.83839482880308,"mv",1.68674403374145,23,5.40186375447847
1589,554248,2014,1.58258810141715,"3.8",1.30510265448122,24,3.68806767094681
1589,554253,2014,1.50473380681464,"mv",1.21482389403109,25,3.36970058767882
1589,554254,2014,2.07464396962806,"5.8",1.88776982303668,32,6.60462276661
1589,554257,2014,2.06986830766286,"mv",1.799046890765,30,6.04388423647531
1589,554263,2014,1.80502503335213,"mv",1.53307860755856,25,4.63241628398226
1589,554267,2014,1.84128932926624,"mv",1.58276810592518,24,4.86841346069145
1590,554268,2014,1.96647945287398,"4.4",1.59535413363646,26,4.93007466828402
1590,554270,2014,2.07789607776542,"mv",1.79389762093993,27,6.0128426351297
1590,554272,2014,2.05020717047925,"mv",1.71849199673584,29,5.57611332374755
1590,554275,2014,1.99597833313661,"4.",1.58876035754828,25,4.89767379925441
1590,554276,2014,1.91553131124861,"mv",1.47852245949092,32,4.38645971853706
1590,554281,2014,0.872001567766431,"mv",0,21,1
1590,554296,2014,1.51511941982596,"mv",1.136916591833,26,3.11714211053545
1590,554297,2014,1.88015696260431,"3.3",1.60806708655694,26,4.99315056637723
1590,554302,2014,0.537708769669907,"mv",0,11,1
1590,554317,2014,1.62569494554614,"mv",1.23494606883063,24,3.43819308993106
1614,501704,2014,2.15142360701571,"4.3",1.76412176194019,31,5.8364443190611
1614,501708,2014,2.43668124599815,"mv",2.11549359636932,35,8.2936784855492
1614,538065,2014,1.90349269852375,"mv",1.61014166356415,21,5.00351999410488
1614,538068,2014,2.20455693314075,"4.5",1.95956161933575,33,7.09621553950828
1622,501807,2014,1.30694233680803,"mv",0.980801390838188,20,2.66659236857229
1622,501808,2014,2.00342785307419,"mv",1.93233215310988,24,6.90559638470017
1622,501811,2014,1.79943517461867,"4.7",1.56075296965609,26,4.76240584251136
1622,501829,2014,1.73983662520129,"3.9",1.55103954183137,21,4.71637049953374
1622,501830,2014,2.20699446360369,"mv",2.01306063838829,22,7.48619485492666
1622,538092,2014,2.13680948769808,"4.3",1.97329514525669,25,7.19434388129825
1622,706828,2014,1.84522394509271,"mv",1.59891602443038,25,4.94766636711447
1622,706829,2014,1.81723101642408,"mv",1.64672782975688,27,5.18996954817478
1622,784909,2014,1.23523348813529,"mv",1.03460123291018,12,2.81398388769553
1622,784910,2014,1.58567834409229,"mv",1.44182996002297,9,4.22842659295887
1623,539841,2014,2.64809123048554,"mv",2.4904177468907,33,12.06631573361
1623,539843,2014,2.70915630744831,"mv",2.67494241039776,26,14.5115141032011
1623,539844,2014,2.40050147365016,"mv",2.20004310444168,41,9.02540252598647
1623,539846,2014,2.28163988212936,"mv",2.15626936365703,24,8.63884906313191
1623,539855,2014,2.3766311718618,"mv",2.2304197433775,30,9.30377045604284
1623,539857,2014,2.36447339612528,"4.6",2.22738099360565,28,9.27554153772395
1623,539859,2014,2.23794780598575,"mv",2.01362422040272,28,7.49041512882693
1623,539860,2014,2.29665625681844,"mv",2.08573563200348,32,8.05051151786359
1623,539865,2014,2.38706837312035,"4.",2.24670437810787,28,9.45651931361125
1623,647470,2014,2.43389583449568,"4.2",2.22038841612119,36,9.21090783625515
1624,577767,2014,1.86820530688462,"mv",1.65807269210842,24,5.24918429477628
1624,579620,2014,1.66608167042938,"5.4",1.04395221549564,30,2.84042081500987
1624,579632,2014,2.08766965282356,"mv",2.04577351444117,17,7.73513946652615
1624,579722,2014,1.94137920537054,"5.6",1.73880191479645,23,5.69052160719182
1624,580165,2014,2.0640558130283,"mv",1.88699317461582,29,6.59949528814971
1624,580178,2014,1.99099515284625,"mv",1.74542933511553,27,5.72836033379214
1624,580219,2014,2.6999905579692,"mv",2.25279950186406,40,9.5143339839287
1624,580230,2014,1.85690794574566,"4.6",1.58047714064938,32,4.85727286074121
1624,580244,2014,1.91537751454709,"mv",1.7068498312266,23,5.51157172054342
1669,540103,2014,1.35821480449408,"mv",1.22009046931153,14,3.38749418402559
1669,540105,2014,1.7278554714045,"3.7",1.55617642682124,22,4.74066028586646
1669,540109,2014,1.9819366016206,"4.1",1.86125279683834,22,6.43178945167968
1669,540117,2014,1.20482985091171,"3.7",1.13241632801029,10,3.10314566613312
1669,540118,2014,1.93884424260296,"mv",1.85680862877225,23,6.40326892034948
1669,822018,2014,2.13326166655977,"mv",2.09987087533976,16,8.16511552672731
1669,822019,2014,1.74118512090248,"mv",1.59413385800806,20,4.92406228744712
1669,822020,2014,1.77304946533401,"mv",1.68063226113465,16,5.36894947630597
1670,540123,2014,1.83898065805287,"4.9",1.3110953624144,34,3.7102355397763
1670,540125,2014,2.13558211016661,"mv",1.74356899412463,43,5.71771353665971
1670,540126,2014,1.98518026405949,"mv",1.56720050045637,32,4.7932108021122
1670,540127,2014,1.86956381025153,"mv",1.63225907561679,38,5.11541779089208
1670,540135,2014,2.89839225031025,"5.4",2.41334063977977,52,11.1712178946144
1670,540143,2014,2.12209482308718,"3.8",1.81866806384523,35,6.16364340064709
1670,540145,2014,1.8022550622354,"mv",1.57170726312396,32,4.81486141605706
1670,540146,2014,2.27619737400461,"mv",1.95068138542582,38,7.03347845790101
1670,540153,2014,1.90222961963597,"mv",1.52014658060785,47,4.57289544381202
1670,540155,2014,1.64525488905667,"mv",1.21356709927156,32,3.36546822580127
1671,568023,2014,1.95036253572776,"4.4",1.63389992599947,42,5.12381831624967
1671,568030,2014,2.28823219797993,"mv",2.034998706082,40,7.65224222409829
1671,568051,2014,2.63576230792232,"mv",2.43316968648094,42,11.3949432961517
1671,568056,2014,2.60252448650952,"mv",2.47387677372125,41,11.8683687598304
1671,568062,2014,1.79650538454534,"4.1",1.65900208957565,17,5.25406514113667
1671,568067,2014,1.99832906614853,"mv",1.82256322283069,22,6.18769859060263
1671,568083,2014,2.53697972163028,"mv",2.38255057715192,41,10.8324967775483
1671,568084,2014,2.4777493609945,"mv",2.41705570552549,25,11.2127968900818
1671,568090,2014,2.36359115776771,"mv",2.1813957994823,36,8.85866254986339
1671,568092,2014,2.65192908964608,"4.1",2.45989385881949,40,11.703569243397
1672,568505,2014,2.60306071969213,"4.1",2.44720463816099,34,11.5559983308168
1672,568511,2014,2.38415683737759,"mv",2.08663929529668,41,8.05778975765755
1672,568513,2014,2.17028875660964,"3.9",1.89308547953809,28,6.63982414889895
1672,568516,2014,2.27001691911104,"mv",2.0294799593653,42,7.61012775388419
1672,568517,2014,2.21684536070819,"mv",2.10612161643157,28,8.21631339548147
1672,568527,2014,2.38882075886667,"mv",2.23645764625608,25,9.36011565068966
1672,568533,2014,2.23141286494623,"mv",2.02260105284753,29,7.5579580374976
1672,568537,2014,2.89636882156609,"4.3",2.8437023410634,38,17.1792513893459
1672,568538,2014,2.03273039390031,"mv",1.80140489295437,28,6.05815254447679
1672,568541,2014,2.16889762927695,"mv",1.96389470376201,34,7.12703075479803
1674,580177,2014,1.81077002739923,"4.9",1.59693419970254,19,4.93787066944709
1674,580222,2014,1.44396431747435,"mv",1.12128418807727,15,3.06879258078691
1674,580234,2014,1.77017747822172,"mv",1.51287656402529,18,4.53977097173008
1674,580266,2014,1.90224838836041,"mv",1.56570169685013,20,4.7860321015515
1674,580374,2014,1.50613260760774,"mv",1.13593425634828,20,3.11408153473159
1674,580378,2014,1.34805867960712,"mv",1.10396665260991,19,3.0161061725008
1674,580382,2014,1.56818122728828,"mv",1.44180291991786,16,4.22831225740517
1674,580386,2014,2.00749110034975,"4.3",1.67186025809709,20,5.32205899757935
1674,580410,2014,1.78028797896284,"4.1",1.53936927956841,17,4.66164914621046
1674,580419,2014,1.77003554803107,"mv",1.36643322211372,21,3.92133917647758
1675,555113,2014,2.28416397846994,"mv",2.06370664044249,35,7.87510596459292
1675,555120,2014,2.31423182466772,"mv",2.15924960812348,33,8.6646333479005
1675,555135,2014,2.12436361321671,"5.6",1.51962910763984,49,4.57052970618975
1675,555138,2014,2.09544381299994,"mv",1.88878312402263,25,6.61131862926047
1675,555149,2014,2.47270787739346,"4.7",2.08239384265529,43,8.02365330646318
1675,555152,2014,1.72709671767381,"mv",1.52598461960041,28,4.5996702659031
1675,555153,2014,2.53323846925255,"5.1",2.10416077388188,38,8.20021828372098
1675,555158,2014,1.99051017215072,"mv",1.91803653706436,17,6.80757890958393
1740,517766,2014,1.25549524725794,"3.2",1.01328432955125,15,2.75463329794421
1740,517779,2014,0.926143434595135,"mv",0.639031859650177,11,1.894645708138
1740,517780,2014,1.26419616324858,"3.",1.05492016798614,18,2.87174588749259
1740,517783,2014,1.18490334244798,"mv",1.00080484707638,18,2.72047051030039
1740,517788,2014,1.71903854598769,"3.3",1.56066148268531,18,4.76197016435694
1740,517790,2014,1.75328405768097,"mv",1.48697637138755,18,4.42369965230492
1740,517794,2014,1.1904355564326,"mv",0.950002872442617,16,2.58571708662913
1740,517820,2014,1.70424020084125,"mv",1.46929837313996,30,4.34618467113811
1740,517822,2014,2.11916158809082,"mv",1.90095048527182,34,6.69225230752561
1740,517954,2014,2.04979297665838,"mv",1.93173290563739,22,6.90145946316427
5018,711161,2014,1.52231210482845,"3.1",1.08508612523976,23,2.95969471217966
5018,711162,2014,1.56354684978092,"3.6",1.36005469012809,16,3.89640639093282
5018,711163,2014,1.5073058549281,"3.5",1.31014320036166,18,3.70670447562801
5018,711164,2014,1.73201454215533,"mv",1.32537635243691,26,3.76360152909993
5018,711165,2014,1.4087552484077,"mv",1.22294318463832,13,3.39717153740807
5018,711166,2014,1.39420394060185,"mv",1.19049584364725,14,3.28871148986699
5018,711167,2014,1.9403509592191,"mv",1.62498717423045,16,5.07835390296551
5018,711168,2014,1.43161269147342,"mv",1.33152499526622,11,3.7868138596892
5018,711169,2014,2.12643966121736,"mv",1.8268026447525,24,6.21398653913374
5018,711170,2014,1.92720017474562,"mv",1.66572973196219,26,5.28953178214878
5036,711701,2014,1.3070987106514,"4.",1.04927561357157,17,2.85558182395083
5036,711702,2014,1.78690185381658,"3.9",1.65504650740627,16,5.23332330481158
5036,711703,2014,1.75884874740431,"5.1",1.46254545866925,20,4.31693413213052
5036,711704,2014,1.47501177010729,"mv",1.20172814741918,15,3.32585953483892
5036,711705,2014,1.12804917131999,"mv",0.810043009913175,15,2.24800467108298
5036,711706,2014,1.21595116549886,"mv",0.983104766268996,13,2.67274161120649
5036,711707,2014,1.66506497320496,"mv",1.44148796342984,13,4.2269807327235
5036,711708,2014,1.40030274726936,"mv",1.02798920728211,19,2.79543913087973
5036,711709,2014,1.61155276880071,"mv",1.28746690339628,19,3.62359600166141
5036,711710,2014,1.73115086158555,"mv",1.5068179451022,15,4.51234938177616
5037,711733,2014,1.98728218821187,"4.8",1.82454560556493,18,6.19997714382818
5037,711734,2014,1.94201781386197,"4.2",1.86356826661608,17,6.44669932078599
5037,711736,2014,1.58121761866042,"mv",0.960891979667283,30,2.61402709285257
5037,711742,2014,1.81310866852678,"mv",0.947057152282508,33,2.57811149515043
5037,711743,2014,2.25795643490909,"mv",1.95159242699915,27,7.03988916894998
5068,712663,2014,1.93022125701939,"3.4",1.75739193220291,25,5.79729791458814
5068,712671,2014,2.25123830048757,"3.9",1.94111175485156,37,6.96649169788795
5068,712673,2014,1.87801788083555,"3.4",1.55066478380092,30,4.71460333296505
5068,712678,2014,2.33837809243023,"mv",2.13371532808439,32,8.4461889524161
5068,712683,2014,1.84729193739536,"mv",1.68533131602375,23,5.39423783374886
5068,712686,2014,2.22646182935538,"mv",2.14776101278977,17,8.56565851119544
5068,712687,2014,2.06263864751049,"mv",1.84827401868611,31,6.3488520604861
5068,712688,2014,1.48960318454964,"mv",1.15851856015807,25,3.18521108055582
5068,712690,2014,1.81313496051635,"mv",1.64371959497003,27,5.17438036096109
5068,820256,2014,2.09129545313358,"mv",1.79767979219984,35,6.03562729631911
5093,713411,2014,2.04052592233818,"4.1",1.80057107446502,25,6.05310325026383
5093,713412,2014,1.61084519798666,"4.4",1.37930832742255,24,3.97215324764001
5093,713413,2014,1.97104019153123,"5.3",1.78983665064356,26,5.98847417308125
5093,713414,2014,1.90277827967078,"mv",1.73302568319034,23,5.65774658561464
5093,713415,2014,1.9230343103993,"mv",1.73542773625341,29,5.67135312840729
5093,713416,2014,2.21539435573734,"mv",2.02971997840661,26,7.61195454867594
5093,713417,2014,2.22338404386098,"mv",1.9858121104125,32,7.28496117662891
5093,713418,2014,1.90342404574227,"mv",1.65781263209462,30,5.2478193693251
5093,713419,2014,1.95895541933167,"mv",1.75328979294655,31,5.77356530175338
5093,713420,2014,1.73335897082861,"mv",1.57221046176709,24,4.81728485747356
5130,714523,2014,1.53600275522947,"5.2",1.24769585218083,21,3.48230994952111
5130,714524,2014,1.89480356619849,"mv",1.74072283362044,15,5.70146314280182
5130,714525,2014,1.47970945976022,"mv",1.35668237068302,12,3.88328859502579
5130,714526,2014,1.42403616946343,"mv",1.22720460488373,14,3.41167920264934
5130,714528,2014,1.54184852792493,"mv",1.49255893874739,9,4.44846431447501
5130,714530,2014,0.759430640579613,"mv",0.578325286660127,8,1.78304983158652
5130,714531,2014,1.73893744016844,"5.3",1.64635106419924,15,5.18801451472159
5130,714536,2014,1.99414623055622,"4.8",1.84889946791977,21,6.35282418719429
5130,714538,2014,1.42181523955592,"mv",1.3448153899029,11,3.83747803801036
5173,715802,2014,1.73467356484448,"4.2",1.53721061664594,24,4.65159707046596
5173,715803,2014,1.77710181735314,"4.5",1.41475536687578,34,4.11547956019457
5173,715804,2014,1.8753325386259,"4.1",1.65115943947612,28,5.21302050636709
5173,715805,2014,2.14153801246004,"mv",2.01419874472158,33,7.49471979092487
5173,715806,2014,2.02825423946529,"mv",1.69947979480848,41,5.47110055640939
5173,715807,2014,1.77304010937848,"mv",1.49142540556626,27,4.44342468940022
5173,715808,2014,2.15418207974435,"mv",1.98329933969763,30,7.26667871895707
5173,715810,2014,1.87562285500339,"mv",1.41156151504146,33,4.1023562962879
5173,715811,2014,2.01239847693961,"mv",1.73061027051737,32,5.64409728379568
5173,715813,2014,2.21940142036409,"mv",2.09452259157128,25,8.12156274202942
5199,716577,2014,1.32608622723932,"3.7",0.997873767871472,16,2.71250827043838
5199,716578,2014,1.20564502249141,"3.6",1.0337005498525,14,2.81145052113474
5199,716579,2014,1.67745556086034,"3.5",1.49565048192658,17,4.46223821431686
5199,716582,2014,1.1576481618593,"mv",0.917965327851265,12,2.50418999723988
5199,716583,2014,1.1909283637753,"mv",0.900256051268537,15,2.4602329762891
5199,716584,2014,1.20971397384364,"mv",1.10838303677809,12,3.02945591314391
5199,716585,2014,1.44717733115391,"mv",1.33166028682243,9,3.78732621828748
5199,716586,2014,0.89950836052524,"mv",0.80583781172454,10,2.2385712145907
5199,716588,2014,1.30505329364769,"mv",0.943748952305935,20,2.5695966788857
5199,716589,2014,0.850328207421612,"mv",0.682908104700472,17,1.97962633005252
5205,716757,2014,2.10879685991765,"4.",2.03898465373121,21,7.68280453041519
5205,716761,2014,1.76005694369528,"3.6",1.48603310090013,24,4.41952887437281
5205,716764,2014,1.98228214695301,"4.",1.70816899239187,28,5.51884716960663
5205,716765,2014,2.11098079976851,"mv",1.8327111462016,27,6.25081056789012
5205,716766,2014,0.985366007320104,"mv",0.548874384484994,21,1.73130313899189
5205,716767,2014,2.07703097314028,"mv",1.85593502186773,26,6.3976774231501
5205,716773,2014,1.84777600993015,"mv",1.6775413318489,27,5.35238005378442
5205,716779,2014,1.31489591121792,"mv",1.15821469340122,17,3.18424334783322
5205,716783,2014,2.04627821470916,"mv",1.8563336021438,24,6.40022791943863
5205,821925,2014,2.13581605870283,"mv",2.01656657256978,22,7.51248702373345
5206,716786,2014,2.27841099416847,"6.4",2.06730522782876,30,7.9034962734488
5206,716787,2014,2.19391674358452,"4.4",2.08008138021387,21,8.00512034619496
5206,716791,2014,1.93737521468234,"4.7",1.85769422804984,18,6.40894216241835
5206,716793,2014,2.07776909120991,"mv",1.87274323222564,24,6.50611973866103
5206,716794,2014,2.04621790868702,"mv",1.6885113459806,36,5.41141897544837
5206,716796,2014,1.96145204950533,"mv",1.84317716902926,24,6.3165752409621
5206,716797,2014,1.25137764923048,"mv",0.933720058514398,18,2.54395525915834
5206,716798,2014,1.62268980779308,"mv",1.51398195751245,17,4.54479197957885
5206,716799,2014,2.16661698580151,"mv",2.05593884103133,19,7.81417069399387
5206,716802,2014,2.44252221635526,"mv",2.279831057724,26,9.7750288544015
5213,716996,2014,1.49935461676842,"4.4",1.2118433428704,21,3.35967197550112
5213,716997,2014,1.72226248078878,"3.9",1.62081284062723,15,5.05719934343199
5213,716999,2014,1.42304601465089,"3.9",1.25832196776145,18,3.51951067710717
5213,717000,2014,1.67997720989343,"mv",1.46774597109547,18,4.33944287950839
5213,717002,2014,1.89475760802457,"mv",1.72139754203717,22,5.59233853374169
5213,717003,2014,2.35566133718411,"mv",2.1772631623412,28,8.82212845506407
5213,717004,2014,1.61823649448722,"mv",1.5387217885408,16,4.65863174718923
5213,717007,2014,0.587651753952405,"mv",0,16,1
5213,717008,2014,1.48734967411443,"mv",1.17112321644306,24,3.22561366685809
5213,717011,2014,1.40362693588563,"mv",1.32913977923819,11,3.77779225409222
5214,717027,2014,1.9602831153203,"5.",1.76080313945479,27,5.81710746731143
5214,717028,2014,2.01461826414892,"4.6",1.8178337677147,27,6.15850324131359
5214,717030,2014,1.97846080958701,"4.6",1.84480231658596,21,6.32684895367
5214,717033,2014,1.79501173927907,"mv",1.67561533289883,17,5.34208129630207
5214,717034,2014,1.68381447938846,"mv",1.50123768296891,21,4.48723941464716
5214,717036,2014,1.16830835461496,"mv",0.689009238476659,23,1.99174121480513
5214,717041,2014,1.86745529391896,"mv",1.72365669340561,21,5.6049867547364
5214,717042,2014,1.88780757966852,"mv",1.77819677126237,24,5.91917316615585
5214,717043,2014,1.78355355939763,"mv",1.57857741718043,28,4.84805414477061
5214,717044,2014,1.59052343043984,"mv",1.32439446315013,22,3.75990790274165
5227,717418,2014,2.01801355669179,"4.3",1.82961117098694,25,6.23146321371109
5227,717419,2014,1.86938295828332,"4.5",1.7158467646167,14,5.56138270123101
5227,717420,2014,1.64885571185434,"3.6",1.46429500605995,16,4.32449342371849
5227,717421,2014,1.44851710197386,"mv",1.27442963630429,14,3.576660830731
5227,717423,2014,2.16459298494064,"mv",1.93058191056685,30,6.89352048708027
5227,717425,2014,1.30890077932464,"mv",1.14874585785142,13,3.15423456952784
5227,717426,2014,1.04678415346413,"mv",0.825956701014978,10,2.28406488758295
5227,717428,2014,1.60465939033139,"mv",1.44340532311057,14,4.23509314987717
5227,717430,2014,1.18159758637039,"mv",1.02250634159603,11,2.78015405489224
5227,717432,2014,1.47892829249622,"mv",1.28479554280792,13,3.61392898790298
5232,717567,2014,1.66308118423591,"4.",1.29402164709985,23,3.64742575839178
5232,717569,2014,1.3957020318802,"3.7",1.07296054464715,16,2.92402340016275
5232,717570,2014,1.45533261013127,"3.3",1.17145545120166,22,3.22668550587728
5232,717571,2014,2.23206076965994,"mv",2.12495281017534,20,8.37250238188549
5232,717572,2014,1.7277531636382,"mv",1.44140116951201,22,4.22661387242598
5232,717573,2014,2.13038576039216,"mv",1.89177932356628,25,6.63115716438405
5232,717574,2014,1.90226882273046,"mv",1.6756194411767,27,5.34210324310153
5232,717575,2014,1.78140344685355,"mv",1.46170726519422,26,4.31331722215578
5232,717576,2014,1.84562677910313,"mv",1.67757825101473,22,5.35257766283896
5232,717577,2014,2.0339130843067,"mv",1.79542984885208,22,6.02206274229552
5238,717746,2014,2.36282959767167,"4.7",1.98092945192953,40,7.24947789600678
5238,717747,2014,2.27141898900597,"4.4",1.72226195569782,37,5.59717471749571
5238,717749,2014,2.21526629616512,"4.4",1.83900679434397,35,6.29028760821807
5238,717752,2014,2.22451304770989,"mv",1.93425600221422,36,6.91889449779966
5238,717753,2014,2.29633199479486,"mv",2.00110600253692,39,7.39723293468851
5238,717754,2014,2.18013497148423,"mv",2.04091565457815,27,7.69765436537797
5238,717755,2014,1.97637872372391,"mv",1.7485075640858,29,5.74602070591322
5238,717756,2014,2.02771043297668,"mv",1.68740983177091,31,5.40546150227541
5238,717760,2014,2.31420733112846,"mv",1.86660936180628,43,6.4663341877004
5238,717761,2014,1.65724132473184,"mv",1.41209495155322,27,4.10454522669637
5248,718046,2014,1.80211132947543,"4.3",1.53178344576005,25,4.6264204390093
5248,718047,2014,2.236202421194,"4.3",2.00054406628268,31,7.39307732902358
5248,718048,2014,2.22351828259845,"4.3",2.06490943793147,28,7.88458382110094
5248,718049,2014,1.99918604434112,"mv",1.6697716000976,34,5.31095463712287
5248,718050,2014,2.54143673371504,"mv",2.29493098227589,34,9.92375107393545
5248,718051,2014,2.35026501581384,"mv",2.10541808101878,35,8.21053496095014
5248,718052,2014,1.45645356454502,"mv",1.06800618018425,18,2.9095725494897
5248,718053,2014,1.97751899570094,"mv",1.58663162260071,29,4.88725903894115
5248,718054,2014,2.14460700566453,"mv",2.07616032551223,18,7.97379328911352
5248,718055,2014,2.09758083058756,"mv",1.75196865604789,34,5.76594266797652
5269,718678,2014,1.54734727099438,"4.8",1.27022812513555,19,3.56166497499133
5269,718679,2014,2.36701026830436,"4.6",2.12062307168868,30,8.33633000107684
5269,718681,2014,1.95128016815527,"3.8",1.65387496544537,27,5.22719583695872
5269,718682,2014,2.11099378098542,"mv",1.8935331231145,24,6.6427970888868
5269,718683,2014,2.34044480794715,"mv",2.28574935234777,24,9.83305188445054
5269,718684,2014,2.09159274045526,"mv",1.95709356316171,21,7.07872327575766
5269,718685,2014,2.00915457021513,"mv",1.82639650980393,25,6.21146333444572
5269,718686,2014,1.46008540074461,"mv",1.12728598799314,26,3.08726624199503
5269,718687,2014,2.25763946092084,"mv",2.13724768952379,27,8.47607670066899
5269,718688,2014,1.97726626214687,"mv",1.76620653630609,26,5.84862468080685
5275,718856,2014,1.86753525536694,"5.2",1.65952653493918,25,5.25682133391271
5275,718857,2014,2.34692050836124,"3.9",2.18015521768405,30,8.84767946846121
5275,718858,2014,2.13813864198811,"4.1",1.92489467056693,31,6.85442665500172
5275,718859,2014,1.97152534905234,"mv",1.73712669401633,25,5.6809967075282
5275,718860,2014,2.08480645336571,"mv",1.89900589128133,28,6.67925123890237
5275,718861,2014,1.67144851304509,"mv",1.36601475934916,26,3.9196985853321
5275,718862,2014,2.44394756844303,"mv",2.36798242889002,23,10.6758312922175
5275,718863,2014,1.90574421461672,"mv",1.65298567931462,25,5.22254943049679
5275,718864,2014,1.83003971771418,"mv",1.59926283372188,24,4.9493825613607
5275,718865,2014,2.02298002742525,"mv",1.7703583691001,27,5.87295767085574
5297,719516,2014,1.24471070379997,"3.7",1.04085002362145,18,2.83162293804508
5297,719517,2014,1.84331313730506,"3.4",1.58752073901727,24,4.89160631351487
5297,719518,2014,2.01256661599069,"4.4",1.8795361638218,20,6.55046581440666
5297,719520,2014,1.99992201374535,"mv",1.75370237465939,25,5.77594786068108
5297,719521,2014,1.53064874930876,"mv",1.28468292610512,18,3.61352202205224
5297,719523,2014,1.42376762275265,"mv",1.03311408751667,19,2.80980219468297
5297,719526,2014,2.02313818952252,"mv",1.90615080352574,16,6.72714479675055
5297,719528,2014,1.4833716856791,"mv",1.15637455371477,21,3.17838928307789
5297,719529,2014,1.90296733696701,"mv",1.69571186587819,22,5.45052462700569
5297,719530,2014,1.33997081106421,"mv",1.03218995695197,19,2.80720677003443
5313,719996,2014,1.57178985801753,"4.2",1.33377964517076,28,3.79536143146649
5313,719998,2014,1.48834871861548,"4.1",1.38168061301028,16,3.98158751550603
5313,719999,2014,1.78195485105499,"mv",1.62187171778278,23,5.06255713240738
5313,720000,2014,1.95937611479186,"mv",1.93277350946829,19,6.90864488626145
5313,720001,2014,1.98008222938326,"mv",1.90564442131764,19,6.72373915266575
5313,720003,2014,1.67641751761575,"mv",1.56253590015882,19,4.77090445512089
5313,720004,2014,2.2042413807239,"mv",2.18892894592908,22,8.92564814153384
5313,720005,2014,1.54072298605406,"mv",1.34886280136379,20,3.85304136495032
5313,720007,2014,1.66172178356241,"4.6",1.64382046252971,18,5.17490231440456
5313,720013,2014,1.84610818405392,"mv",1.73705765459503,23,5.68060450834185
5338,720731,2014,1.72053363900387,"3.3",1.59092225835566,21,4.90827353785861
5338,720732,2014,2.33062787191488,"4.",2.16419484691697,46,8.70758815220656
5338,720733,2014,1.79331123978532,"3.9",1.48639017411561,42,4.42110725154024
5338,720735,2014,2.09463287486375,"mv",1.94265964436123,29,6.97728340733851
5338,720736,2014,1.67952541139047,"mv",1.51747649971278,25,4.56070172939871
5338,720738,2014,2.21481168264921,"mv",1.93383883724501,42,6.91600877934171
5338,720740,2014,1.85110992885761,"mv",1.61781501937933,24,5.04206146544842
5338,720744,2014,1.79492202222546,"mv",1.61318681318543,25,5.01877968334663
5338,720746,2014,2.67365663375447,"mv",2.47451966357443,52,11.8760012668476
5338,720747,2014,2.27010547866383,"mv",1.66176272681056,47,5.26858974836118
5347,720992,2014,2.22264425412684,"4.4",1.89710398051146,40,6.66655997169098
5347,720993,2014,1.51146151205838,"4.1",1.16338686986848,22,3.20075548136695
5347,720994,2014,1.36822122937779,"4.7",1.15176437431575,16,3.16377006278984
5347,720995,2014,1.53631821003193,"mv",1.38251125482716,12,3.98489616255404
5347,720996,2014,1.27404295093605,"mv",0.964747045221864,21,2.62412378786319
5347,720997,2014,1.87471827721545,"mv",1.59201144339007,25,4.91362246839956
5347,720998,2014,2.08625739354396,"mv",1.90982252424675,25,6.75189039535693
5347,720999,2014,1.29818113334955,"mv",1.189885755092,13,3.28670569654351
5347,721000,2014,1.49709256513223,"mv",1.30685973167745,17,3.69455358700851
5347,721006,2014,1.60606297535698,"mv",1.39050246673411,16,4.01686788849342
5354,721203,2014,1.70169574408247,"3.7",1.10349040258795,33,3.01467009386329
5354,721206,2014,1.4070123147683,"4.5",1.26689175548879,14,3.54980174514132
5354,721208,2014,1.46377121136597,"4.9",1.23153178579399,14,3.4264741428728
5354,721209,2014,2.0109327198095,"mv",1.76240809810926,28,5.82645118041597
5354,721214,2014,1.6523464064598,"mv",1.57053492709267,13,4.80922008794556
5354,721215,2014,1.67269323542038,"mv",1.54543591702697,16,4.69001563915364
5354,721218,2014,2.2509153742822,"mv",2.11448784730005,31,8.28534131938285
5354,721219,2014,1.13495176793848,"mv",0.80583781172454,16,2.2385712145907
5354,721220,2014,1.62182772905111,"mv",1.51568094140245,16,4.55252007102805
5354,721221,2014,1.83046056977083,"mv",1.64132172474531,26,5.16198773225774
5380,721959,2014,1.59604160373456,"3.8",1.39023046008449,21,4.01577542230288
5380,721960,2014,1.46042616468946,"4.1",1.06768329699432,30,2.90863324907391
5380,721962,2014,1.65308060129611,"4.",1.46422339548105,23,4.32418375532884
5380,721963,2014,2.09856554687057,"mv",1.721402322014,27,5.5923652650542
5380,721964,2014,1.04816113718845,"mv",0.682908104700472,16,1.97962633005252
5380,721966,2014,1.72606308666803,"mv",1.43239876932748,28,4.18873495930687
5380,721968,2014,1.95482858666686,"mv",1.74232658886074,25,5.71061423028531
5380,721969,2014,1.71308554813517,"mv",1.42500231179528,22,4.15786745488325
5380,721971,2014,1.84517634466226,"mv",1.53402652843878,26,4.63680952999958
5380,721973,2014,1.93507171046131,"mv",1.772027214955,26,5.88276691470213
5389,722227,2014,1.71486329237175,"3.5",1.51278691954674,23,4.53936402456916
5389,722228,2014,1.20510002609038,"5.",1.06184577652118,10,2.89170350487347
5389,722230,2014,1.69221015400333,"3.6",1.40463620804032,17,4.07404436706185
5389,722231,2014,1.64106148738194,"mv",1.34490871556819,21,3.83783618991341
5389,722232,2014,1.90645225452153,"mv",1.70909842507176,19,5.52397895097463
5389,722233,2014,1.6328110131025,"mv",1.44968921639481,14,4.26178981492866
5389,722234,2014,1.68204176287595,"mv",1.41476304038054,20,4.1155111404677
5389,722236,2014,1.84917301530416,"mv",1.75515167745973,15,5.78432502714927
5389,722237,2014,1.28955731685732,"mv",1.02316891603073,14,2.78199672427895
5389,722238,2014,1.58666525299855,"mv",1.4679603440495,15,4.34037323841564
5399,722525,2014,1.95874613637169,"4.1",1.80110071757294,22,6.05631008384557
5399,722527,2014,1.10574118440538,"4.1",0.690923309313818,24,1.99555719944697
5399,722529,2014,2.15680999082169,"mv",2.10532121777535,18,8.20973970041993
5399,722530,2014,1.2846552705908,"4.4",0.916865256625779,25,2.50143672455645
5399,722531,2014,1.78655429571807,"mv",1.57504224917227,27,4.83094571725656
5399,722533,2014,2.10294362278644,"mv",1.99137826171889,26,7.32562343395429
5399,722535,2014,1.75975502377401,"mv",1.58972970077771,23,4.90242362792691
5399,722538,2014,1.7234331922814,"mv",1.58393116157292,22,4.87407899048701
5399,722549,2014,1.52402839560507,"mv",1.33260886035111,18,3.79092048012394
5399,722553,2014,1.73274268074403,"mv",1.65096244413874,19,5.21199366677827
5410,722854,2014,1.37540789868063,"mv",1.17581501918186,19,3.24078316822141
5410,722855,2014,1.95702051896317,"mv",1.64895440300461,27,5.20153827005115
5410,722858,2014,1.56579272050871,"4.1",1.42945888169576,18,4.17643863297264
5410,722860,2014,1.71541643908927,"mv",1.50189910593001,20,4.49020835958389
5410,722866,2014,1.59826997756976,"4.2",1.30256393479732,21,3.67871657588198
5410,722871,2014,2.71038866459889,"mv",2.54291208189262,31,12.7166490265037
5410,722875,2014,1.88048359009945,"mv",1.57810537607396,29,4.84576620397143
5410,722877,2014,1.64038959336347,"mv",1.32537635243691,19,3.76360152909993
5414,722974,2014,1.75768763884364,"4.2",1.53679122490876,30,4.64964663811612
5414,722975,2014,2.41885516461778,"3.3",2.17427725012258,27,8.79582564240298
5414,722977,2014,2.145046240873,"4.2",1.98086910835405,23,7.24904044978879
5414,722979,2014,1.95562027567965,"mv",1.7691871772106,22,5.86608333683219
5414,722980,2014,2.23541711111958,"mv",2.0920338093447,30,8.1013750728015
5414,722982,2014,2.32067916196229,"mv",2.17057496602879,23,8.76332120449497
5414,722986,2014,2.09385523541649,"mv",1.76336794997391,32,5.83204639530492
5414,722988,2014,2.11572522445362,"mv",2.01697640259905,25,7.51556649749761
5414,722991,2014,2.17578382867753,"mv",2.05644020767531,24,7.81808944081258
5414,722997,2014,1.67139432741243,"mv",1.47291641484763,22,4.36193782915453
5418,723094,2014,1.2900097874125,"3.7",0.815612193957263,26,2.26055914947967
5418,723097,2014,1.95992964181586,"mv",1.6952751105177,21,5.44814460093979
5418,723098,2014,2.21275942021965,"4.",2.07610176639978,23,7.97332636452708
5418,723099,2014,1.47625891896033,"4.",1.22805509550337,21,3.41458203805057
5418,723100,2014,1.57068051199517,"mv",1.22892105115725,21,3.41754019530372
5418,723101,2014,1.18877185981118,"mv",0.82234491739348,21,2.27583021930331
5418,723102,2014,1.83997265401633,"mv",1.6575577785157,18,5.24648211418666
5418,723105,2014,1.79262152465951,"mv",1.67296678013318,16,5.32795123248024
5418,723106,2014,2.0217262263141,"mv",1.91871475038184,24,6.8121974662665
5418,723108,2014,1.88437287306323,"mv",1.64739198100583,24,5.19341761782535
5419,723124,2014,1.88540972552294,"3.9",1.68853177290773,22,5.41152951523844
5419,723125,2014,1.48166599691612,"3.4",1.36282117808298,12,3.90720067652679
5419,723126,2014,2.12811313310964,"mv",2.16701691237789,18,8.73219624246788
5419,723127,2014,1.22726784235874,"mv",1.13391331115403,10,3.10779450163392
5419,723128,2014,0.853393230225972,"mv",0.614503320310728,7,1.84873814080198
5419,723129,2014,0.997127943826472,"mv",0.82234491739348,13,2.27583021930331
5419,723131,2014,1.59322950487282,"mv",1.48192892210928,13,4.40142750873027
5419,723132,2014,1.14761926128368,"mv",0.83336544107172,16,2.30104977121082
5419,723133,2014,1.95285326260252,"mv",1.84519444856805,19,6.32933039998608
5419,723134,2014,1.15500146381099,"mv",0.98137233374671,9,2.66811527528007
5423,723244,2014,2.00623525999027,"4.1",1.96248846767251,18,7.11701551048911
5423,723245,2014,1.92281272896752,"4.4",1.82952882566644,15,6.23095010300201
5423,723246,2014,2.09036964912854,"4.3",2.00440725576296,17,7.4216934267023
5423,723247,2014,1.92014874815551,"mv",1.83661399095048,18,6.27525417987515
5423,723248,2014,1.945466715539,"mv",1.89001969002233,15,6.61949901784337
5423,723249,2014,1.75388797308188,"mv",1.73324767479415,13,5.65900269727111
5423,723250,2014,2.07904701617417,"mv",1.98647342788278,19,7.2897804420819
5423,723251,2014,1.9670089868377,"mv",1.94653583698032,13,7.00438118595967
5423,723252,2014,1.63332757703894,"mv",1.69534964305434,14,5.44855068010976
5423,723253,2014,2.03844731685237,"mv",2.00213054259253,15,7.40481557982939
5516,726017,2014,1.73390257230173,"4.",1.62932243816024,15,5.100417699097
5516,726018,2014,1.54986225251299,"4.",1.39474271896629,13,4.03393658373633
5516,726019,2014,2.38447719721143,"5.",2.2657264329819,28,9.63812350948453
5516,726020,2014,2.01128229780391,"mv",1.88155145158009,27,6.56368019889479
5516,726021,2014,2.15665635499462,"mv",1.86173619745063,27,6.43489933423772
5516,726022,2014,1.63254232894536,"mv",1.45196289145378,14,4.27149076436169
5516,726023,2014,2.29873919780763,"mv",2.07138465651973,29,7.93580387638236
5516,726025,2014,2.06502398656428,"mv",1.91193695200184,29,6.76618188364337
5516,726026,2014,2.23207150430372,"mv",2.14837038876889,25,8.57087980844249
5516,726027,2014,2.08648010996982,"mv",1.9342054222446,21,6.91854454917646
5546,726920,2014,1.58627801174083,"4.9",1.19798940374097,31,3.31344821435874
5546,726922,2014,1.67123161470716,"4.7",1.44506659423591,24,4.24213463512879
5546,726923,2014,1.55788267752136,"3.9",1.40633592007828,18,4.08097495765128
5546,726935,2014,1.57519016379465,"mv",1.41185617119264,21,4.10356525891031
5546,726936,2014,1.75265856657359,"mv",1.44050110529807,31,4.22281136004264
5546,726945,2014,1.42591919874605,"mv",1.21104093165609,25,3.35697721832786
5546,822664,2014,2.26410463063368,"mv",2.06477672613383,30,7.88353751323864
5559,727300,2014,2.19476976802024,"4.3",1.96626871292717,31,7.14397049071859
5559,727303,2014,2.30074816820517,"mv",2.04964040225964,31,7.76510828879711
5559,727305,2014,1.95050330816452,"mv",1.82808940604522,23,6.22198760311149
5559,727306,2014,2.05502778623778,"mv",1.92391961775449,26,6.847746484303
5559,727309,2014,2.33826025701622,"mv",2.21235182370639,30,9.13718018058326
5559,727310,2014,2.11570110289713,"mv",1.97016083503491,32,7.17182987710014
5559,727311,2014,2.23874603314227,"mv",2.07231412776233,29,7.94318340687177
5559,727313,2014,1.71314798286977,"mv",1.50623231551498,24,4.50970759010153
5559,727317,2014,1.68718224110515,"mv",1.3779571410706,26,3.96678975274049
5559,727320,2014,2.27020634532605,"mv",2.11726451743622,25,8.30837894833902
5570,727628,2014,2.13623666207503,"4.2",1.89462886251168,30,6.65007985264148
5570,727629,2014,2.24438999707976,"4.4",2.13840587972371,25,8.4858992967567
5570,727630,2014,2.05161087696096,"4.4",1.63413894873159,36,5.12504317168084
5570,727633,2014,2.10367858116256,"mv",1.94710599081867,23,7.00837589947055
5570,727637,2014,2.33936511171616,"mv",2.23784305633519,25,9.37309223612431
5570,727640,2014,1.76984674488264,"mv",1.35530311379369,26,3.87793623446643
5570,727641,2014,1.92842362902481,"mv",1.44197623860346,45,4.22904516643951
5570,727655,2014,2.17323527932585,"mv",2.03478453574599,29,7.65060351629747
5570,727657,2014,2.19727226688376,"mv",1.94839375212772,26,7.01740682838557
5581,727959,2014,2.07791323883865,"4.1",1.7964818553746,29,6.0284013251101
5581,727965,2014,2.10964737954321,"4.3",1.98811245049703,25,7.3017383540465
5581,727970,2014,2.12551692112324,"mv",1.94111175485156,29,6.96649169788795
5581,727975,2014,2.44819195976577,"mv",2.20824905039967,38,9.09976919850643
5581,727979,2014,2.52333855269534,"mv",2.255788595253,49,9.54281576288248
5581,727981,2014,2.26764044220223,"4.7",2.14460852358676,35,8.53869788409346
5581,727982,2014,1.98218643400201,"mv",1.66978226443742,35,5.31101127524987
5581,727987,2014,2.4450387024801,"mv",2.31840738166054,31,10.1594812386679
5590,728228,2014,1.9579937916265,"4.3",1.49215300329504,31,4.44665889156861
5590,728230,2014,1.94168787004054,"4.4",1.776193110796,30,5.90732502667745
5590,728233,2014,2.5089402386577,"mv",2.2230221012795,33,9.23519844037931
5590,728234,2014,2.15680407666039,"mv",1.9251062731834,28,6.85587722308295
5590,728240,2014,1.597500425057,"3.8",1.27403211683987,23,3.57523932099077
5590,728244,2014,1.51552181327411,"mv",1.26571190687825,20,3.54561598625108
5590,728245,2014,2.05202101960974,"mv",1.86046354568755,26,6.4267151571631
5590,728247,2014,2.02481319177641,"mv",1.82887681976516,25,6.22688881090136
5590,728251,2014,2.47076388745165,"mv",2.32198516962626,29,10.1958948095566
5694,731364,2014,2.0348731909651,"mv",1.83396747896153,22,6.2586686011014
5694,731368,2014,1.92463502207912,"mv",1.78043081065005,19,5.93241161425275
